-2.1837e-16,-25.386,8.0147
-5.8805e-15,-8.1502,-8.1389
2.7719e-15,11.52,-16.123
4.5482e-15,8.7185,-16.512
8.8451e-16,22.868,-20.729
-2.4088e-14,45.7,-15.497
-4.4446e-15,36.982,1.0149
-1.6539e-14,28.323,6.8191
-2.0091e-14,35.326,7.7919
-1.6209e-14,48.016,14.088
-1.1657e-14,43.724,29.567
-2.7419e-14,61.036,38.566
-2.8085e-14,71.905,42.549
-5.9989e-15,50.811,35.085
-6.3301e-15,37.028,31.522
-1.7984e-14,40.705,10.188
-7.7734e-15,34.884,-9.5806
-2.0317e-14,59.827,-34.968
-3.2644e-14,107.71,-55.932
-5.6507e-14,130.1,-68.072
-5.3287e-14,129.23,-66.956
-5.7839e-14,128.03,-63.414
-5.7839e-14,139.23,-61.858
-3.5198e-14,153.74,-53.248
-4.9738e-14,152.26,-57.988
-5.6177e-14,146.99,-61.192
-4.4631e-14,147.05,-51.293
-4.2414e-14,145.59,-40.779
-4.674e-14,147.69,-30.184
-7.2827e-14,151.75,-44.045
-5.0848e-14,130.08,-83.326
-5.6503e-14,88.655,-119.17
-5.2617e-14,81.12,-121.45
-3.3196e-14,76.888,-116.68
-1.5106e-14,64.978,-108.03
-1.1221e-14,74.251,-107.98
-2.1546e-14,82.124,-108.12
-3.2855e-14,54.326,-93.023
1.0432e-14,-16.122,-48.402
2.5202e-14,-74.773,-11.622
3.9298e-14,-87.918,5.9239
3.1305e-14,-79.566,-2.8081
2.8973e-14,-66.249,-31.871
1.2249e-15,-43.328,-42.701
1.5317e-14,-30.856,-55.395
-3.7711e-15,-18.751,-60.308
3.7074e-14,-70.454,-109.53
3.1967e-14,-72.245,-117.2
1.4988e-14,-49.36,-102.07
-8.3267e-15,15.676,-46.046
-2.5535e-15,5.3554,-12.858
5.2144e-15,6.254,-19.328
-5.107e-15,10.711,-25.715
-4.3299e-15,10.906,-21.979
2.9939e-15,16.786,-12.919
-9.77e-15,30.764,-5.619
-1.9425e-14,32.862,4.9765
-9.3295e-15,44.712,7.0347
-6.776e-15,42.106,10.382
-1.4209e-14,33.417,21.54
-1.3989e-14,52.945,19.719
-1.8541e-14,55.941,23.845
-2.0646e-14,47.56,37.931
-1.7982e-14,26.496,25.113
4.5482e-15,17.334,24.253
-6.5503e-15,22.997,14.323
-2.8862e-14,61.588,-21.946
-3.7526e-14,110.63,-56.351
-4.9401e-14,134.31,-67.489
-5.2621e-14,135.17,-68.604
-5.2066e-14,139.96,-56.811
-6.7609e-14,153.3,-50.013
-6.0615e-14,150.74,-36.766
-3.7307e-14,151.58,-32.528
-3.5975e-14,150.85,-37.575
-4.4631e-14,152.65,-50.515
-5.3624e-14,152.79,-56.677
-4.8517e-14,141.98,-50.761
-5.4841e-14,137.46,-33.665
-5.2288e-14,150.26,-28.177
-4.4631e-14,152.65,-50.515
-3.9528e-14,131.03,-79.896
-2.9647e-14,111.12,-106.16
-4.6733e-14,82.999,-129.85
-2.931e-14,74.955,-118.19
-2.931e-14,73.554,-118.38
-1.3774e-14,75.457,-111.52
-2.6312e-14,71.78,-90.187
-4.0072e-14,62.979,-78.22
-3.885e-14,51.294,-71.187
-2.1316e-14,62.612,-70.44
1.1765e-14,-7.0432,-52.087
2.1757e-14,-50.698,-35.894
4.9997e-15,-45.013,-30.57
4.4446e-15,-48.399,-42.169
2.0021e-15,-46.04,-59.152
3.6963e-14,-78.611,-97.062
3.8961e-14,-77.6,-104.34
1.6875e-14,-71.914,-99.017
4.5519e-15,-18.51,-26.065
-8.8818e-15,19.505,-17.075
4.5482e-15,5.917,-16.901
-5.4401e-15,15.498,-13.922
-1.6983e-14,23.288,-18.61
-1.5206e-14,16.284,-19.583
-3.9968e-15,10.479,-3.4905
-1.5761e-14,25.716,10.167
-1.1768e-14,38.263,22.626
-1.8648e-14,35.964,28.901
-1.0991e-14,42.66,26.946
-2.4976e-14,62.668,16.535
-1.4988e-14,43.334,22.094
-1.3545e-14,42.466,23.209
-1.3545e-14,39.664,22.82
1.1066e-15,24.196,31.388
-1.3874e-14,24.279,35.933
-2.4762e-14,97.02,5.6444
-4.9734e-14,139.25,-25.997
-4.6189e-14,147.27,-52.91
-4.0971e-14,143.21,-59.657
-3.975e-14,145.53,-50.679
-6.5722e-14,154.55,-43.656
-5.6399e-14,151.69,-33.337
-3.7307e-14,151.58,-32.528
-5.9948e-14,149.68,-39.387
-5.2403e-14,149.51,-48.477
-7.2161e-14,156.29,-45.887
-3.331e-14,152.2,-47.28
-4.8957e-14,144.94,-41.281
-4.0527e-14,148.25,-34.227
-4.7962e-14,159.37,-37.216
-3.1978e-14,159.88,-51.159
-3.764e-14,143.5,-71.982
-4.4298e-14,111.29,-97.065
-1.6328e-14,75.262,-115.26
-4.4957e-14,77.502,-110.82
-1.2553e-14,74.978,-102.93
-2.82e-14,66.319,-97.128
-4.5068e-14,70.746,-98.162
-4.5068e-14,76.349,-97.383
-3.2641e-14,84.476,-104.5
-2.4314e-14,64.386,-98.633
-3.2966e-14,44.769,-80.749
-9.77e-15,23.443,-65.988
1.7645e-14,-17.156,-56.377
2.3093e-14,-74.557,-69.708
4.8953e-14,-114.15,-67.375
1.9769e-14,-116.69,-74.736
2.3204e-14,-107.02,-87.819
2.1313e-14,-40.219,-39.384
3.438e-15,13.311,-8.4554
-4.4776e-16,25.049,-5.5885
-1.887e-14,29.139,-4.1961
-1.5984e-14,26,-2.159
-1.1099e-14,11.371,10.647
-1.7427e-14,28.375,16.718
-1.9869e-14,42.046,21.09
-1.1879e-14,34.309,35.678
-9.992e-15,28.564,41.062
-1.0547e-14,41.987,31.798
-8.4414e-15,55.971,18.491
-1.4988e-14,48.938,22.872
-4.0005e-15,40.616,26.25
-3.3343e-15,40.953,23.824
-3.3343e-15,39.552,23.629
-2.5642e-14,52.525,17.6
-4.2522e-14,131.42,4.6528
-4.8961e-14,156.98,5.7287
-5.6285e-14,156.64,-12.453
-4.5297e-14,153.71,-47.894
-5.0959e-14,154.14,-66.382
-5.7399e-14,162.88,-67.641
-6.5499e-14,156.86,-70.538
-2.9869e-14,150.84,-73.436
-7.4603e-14,155.85,-63.26
-6.7498e-14,153.05,-63.649
-7.5269e-14,151.31,-61.417
-6.6277e-14,158.17,-54.282
-6.5055e-14,153.49,-46.276
-4.7296e-14,133.09,-43.339
-6.0167e-14,118.53,-61.848
-5.7839e-14,146.24,-60.885
-6.4278e-14,152.18,-62.533
-4.3854e-14,140.13,-68.328
-1.9658e-14,100.19,-99.43
-3.1974e-14,89.015,-106.34
-2.8089e-14,78.678,-109.01
-4.2403e-14,62.288,-109.23
-1.3885e-14,65.899,-99.247
-3.1419e-14,68.589,-98.049
-2.3648e-14,68.926,-100.48
-9.9993e-15,66.768,-100.36
-4.2403e-14,69.292,-108.26
-6.0025e-15,56.183,-116.67
-1.3878e-14,15.644,-117.77
2.5639e-14,-32.934,-127.81
2.797e-14,-51.854,-99.528
5.218e-15,-22.481,-48.873
-9.9883e-15,-0.38309,-28.081
-1.7316e-14,25.221,-17.105
-7.8863e-15,45.138,-11.454
-2.0758e-14,36.285,-9.3861
6.6246e-16,23.311,-3.3569
3.438e-15,16.218,11.732
7.5458e-15,7.0499,31.48
-1.1139e-15,29.072,27.119
-1.665e-14,32.773,21.039
-1.3652e-14,19.687,27.877
-2.9976e-15,14.698,32.954
-1.6428e-14,22.683,32.002
-1.6983e-14,34.705,22.544
-1.0547e-14,30.675,10.443
-9.1002e-15,3.6407,4.6273
6.5466e-15,4.9588,0.2766
-9.3259e-15,25.835,-11.25
-9.5516e-15,44.785,-44.888
-5.2395e-14,89.451,-68.36
-1.7771e-14,108.67,-52.502
-3.3751e-14,107.54,-44.415
-3.1641e-14,87.294,-68.248
-4.8953e-14,75.48,-96.268
-2.2212e-14,95.794,-103.75
-3.3862e-14,103.17,-110.56
-2.9536e-14,103.87,-120.76
-4.7407e-14,111.91,-111.82
-3.9306e-14,119.33,-108.72
-4.8739e-14,126.64,-104.82
-3.2977e-14,140.25,-89.744
-3.4421e-14,141.23,-71.061
-6.2165e-14,120.32,-54.181
-3.2085e-14,72.454,-95.039
-3.1308e-14,86.551,-109.16
-3.4421e-14,141.23,-71.061
-7.0829e-14,159.77,-50.35
-5.9726e-14,144.98,-67.242
-4.6407e-14,127.33,-73.815
-2.9869e-14,115.82,-78.3
-4.0523e-14,99.795,-86.296
-1.4551e-14,82.372,-94.486
-8.112e-15,63.825,-94.589
-1.011e-14,67.016,-86.727
-3.6186e-14,61.046,-79.725
-3.4854e-14,57.518,-85.161
-2.5646e-14,59.51,-94.364
-1.3212e-14,25.786,-118.83
-2.0057e-15,32.991,-134.73
-2.4651e-14,93.548,-87.575
-4.4742e-14,117.88,-41.743
-4.8735e-14,125.26,7.9182
-4.496e-14,116.57,19.076
-2.431e-14,48.891,-7.635
-1.5873e-14,21.656,3.4201
6.9907e-15,7.866,20.464
5.4364e-15,13.185,33.568
-1.1321e-14,21.672,39.281
-6.4393e-15,20.159,39.895
-2.2204e-15,10.691,36.107
9.1002e-15,7.4397,38.953
-1.0988e-14,14.136,36.998
7.7349e-16,28.93,33.282
-1.0325e-14,34.593,23.352
-1.4433e-15,5.124,9.3672
-1.6617e-15,-23.274,-22.605
-1.9947e-15,-22.848,-41.093
4.4409e-16,0.40993,-54.349
7.8752e-15,24.709,-80.238
-2.2278e-15,36.288,-107.07
-2.498e-14,52.843,-97.763
-2.6978e-14,56.034,-89.901
-1.0103e-14,29.367,-103.5
9.5406e-15,17.636,-126.97
-3.9968e-15,26.549,-139.75
-3.9517e-14,36.526,-149.9
-4.0072e-14,42.946,-160.14
-2.8977e-14,48.998,-162.6
-3.6748e-14,59.867,-158.61
-4.1404e-14,67.485,-151.78
-3.1641e-14,72.864,-149.39
-3.5638e-14,72.243,-134.64
-4.5623e-14,70.161,-109.37
-2.1168e-15,40.243,-120.12
-2.0754e-14,29.328,-154.61
-2.9647e-14,104.12,-107.13
-5.8731e-14,158.01,-63.372
-8.0487e-14,174.98,-51.947
-7.4714e-14,167.3,-48.067
-3.3976e-14,158.87,-43.881
-4.3635e-14,136.26,-50.73
-3.6748e-14,93.908,-74.748
-4.3846e-14,64.664,-90.351
-2.0539e-14,55.697,-87.475
-3.116e-15,57.458,-74.453
-1.0221e-14,53.256,-75.036
-2.4536e-14,52.275,-73.112
-1.111e-14,87.033,-40.669
-3.3418e-14,101.41,-46.504
-6.5166e-14,152.34,-32.835
-6.3168e-14,168.76,-37.973
-5.8398e-14,173.09,-22.945
-3.4865e-14,175.84,-11.848
1.2653e-14,-12.277,16.43
-1.7764e-15,9.911,21.161
-1.6539e-14,32.63,27.201
-1.3541e-14,27.949,35.207
9.9553e-16,25.845,45.219
-1.2431e-14,19.313,56.264
1.3763e-14,-9.6008,58.843
-3.9931e-15,-12.231,46.937
5.3254e-15,9.1247,26.822
1.9947e-15,22.743,21.294
-8.545e-15,6.0687,33.404
-8.323e-15,2.8246,15.643
-6.9907e-15,-7.866,-20.464
7.7716e-16,-9.9273,-57.021
-2.2641e-14,7.48,-84.692
-1.41e-14,32.948,-88.161
-1.3989e-14,31.3,-101.99
-2.4418e-14,25.584,-101.96
-2.7082e-14,27.038,-91.867
-1.9207e-14,36.761,-95.051
-3.3299e-14,35.284,-120.4
-1.632e-14,25.006,-133.78
-6.7347e-16,23.86,-140.94
-2.0754e-14,22.324,-155.58
-4.0627e-14,25.552,-173.68
-2.176e-14,27.739,-179.15
-2.498e-14,27.207,-180.46
-6.1136e-15,23.791,-186.7
4.8776e-15,20.457,-188.4
-2.3388e-15,19.304,-174.96
-2.0199e-14,15.905,-145.35
-4.4482e-15,21.343,-153.66
-4.5956e-14,45.268,-151.16
-3.3751e-14,83.307,-126.92
-2.8314e-14,100.59,-112.56
-3.5531e-14,106.44,-98.15
-3.4421e-14,118.81,-74.174
-4.4968e-14,139.79,-45.294
-3.3643e-14,124.72,-49.86
-4.6511e-14,81.526,-78.117
-8.7781e-15,63.488,-92.163
-2.498e-14,58.446,-96.985
-4.8923e-15,48.948,-95.419
-4.4069e-14,80.568,-60.939
-5.1844e-14,141.29,-4.6934
-4.086e-14,139.18,5.3185
-3.9417e-14,141.01,-12.975
-5.6174e-14,145.19,-27.645
-4.2188e-14,153.09,-33.142
-6.0396e-14,158.08,-17.612
1.1066e-15,21.289,11.2
-3.1123e-15,32.158,15.183
-7.3275e-15,25.709,30.774
-3.8858e-15,14.751,42.853
-4.2188e-15,19.485,44.747
-6.6577e-15,6.0323,59.366
-5.5144e-16,-13.384,60.378
1.454e-14,-16.515,41.808
1.3541e-14,-10.823,26.524
-6.8797e-15,0.60775,26.463
-1.2209e-14,20.218,29.187
-3.4965e-14,62.39,8.2536
1.3286e-15,22.3,3.9217
-6.4393e-15,16.935,-39.689
-2.1975e-14,14.821,-86.145
-1.6727e-15,32.671,-96.443
-2.8969e-14,22.978,-98.614
-2.3862e-14,9.3598,-93.086
-2.4529e-14,3.4198,-91.438
9.3185e-15,20.933,-99.31
-3.008e-14,30.213,-119.87
7.4312e-15,23.876,-105.08
-1.1546e-14,26.139,-85.398
5.4328e-15,20.064,-98.194
-6.7347e-16,12.654,-142.5
-1.2101e-14,19.529,-176.58
-3.4743e-14,26.031,-182.27
-3.4743e-14,31.634,-181.49
-3.2078e-14,24.577,-192.37
-1.5876e-14,26.817,-187.93
-4.0072e-14,21.934,-163.06
6.543e-15,18.009,-155.36
-9.6589e-15,11.567,-160.38
-2.4529e-14,11.402,-169.47
-1.3989e-14,7.0642,-184.49
-1.3434e-14,14.653,-172.31
-4.0849e-14,35.852,-145.05
-3.1083e-14,68.843,-105.02
-4.0634e-14,98.642,-72.854
-4.5626e-14,110.21,-58.47
-3.3865e-14,99.788,-65.688
-3.153e-14,84.245,-82.273
-2.3429e-14,79.061,-80.932
-3.1423e-14,114.24,-46.37
-5.2954e-14,131.72,-28.28
-4.7958e-14,126.75,-7.9494
-3.9857e-14,127.17,-5.8303
-3.6752e-14,132.55,-24.042
-3.8303e-14,138.55,-36.398
-3.4088e-14,140.91,-32.774
-2.6198e-14,56.143,6.9737
-6.1062e-15,20.922,18.981
-1.6653e-15,12.57,27.713
3.327e-15,17.919,35.462
4.5482e-15,21.642,44.635
5.8842e-15,-6.1023,69.633
5.218e-15,-5.0385,72.254
-2.4425e-15,9.7852,63.184
-1.2098e-14,17.38,54.759
-8.7708e-15,30.886,50.041
-3.6711e-15,61.71,33.713
-1.2657e-14,43.919,33.303
-1.3874e-14,28.481,36.517
6.0989e-15,26.426,-20.647
-1.8763e-14,47.398,-68.843
-6.2246e-15,46.873,-90.761
-2.8414e-14,17.959,-88.182
6.654e-15,6.9779,-91.356
1.1872e-14,1.5169,-98.297
-2.4862e-14,7.9427,-129.14
7.4312e-15,25.277,-104.89
3.3233e-15,33.519,-35.737
7.9863e-15,23.536,-4.9744
8.2083e-15,20.344,-12.837
1.0873e-14,6.1253,-54.38
6.5879e-16,10.526,-147.74
2.2131e-15,21.911,-178.31
-4.2262e-15,26.45,-180.15
-1.2657e-14,20.345,-187.6
-1.2657e-14,25.948,-186.82
-2.5084e-14,27.626,-178.34
-3.0968e-14,25.747,-169.95
-4.0072e-14,23.335,-162.86
-3.116e-15,22.017,-158.51
7.8752e-15,20.084,-160.02
-4.5143e-16,14.96,-169.38
-1.3434e-14,7.6489,-173.28
7.3201e-15,-1.5122,-174.14
-3.119e-14,23.44,-143.06
-4.1182e-14,63.21,-100.44
-3.5301e-14,99.534,-58.717
-5.1622e-14,128.19,-33.716
-4.9734e-14,126.64,-27.748
-3.542e-14,120.62,-30.645
-4.4742e-14,133.29,-39.602
-5.4175e-14,142,-35.507
-4.9068e-14,136.79,-28.812
-3.6086e-14,135.69,-26.079
-4.0856e-14,125.75,-41.886
-4.4072e-14,106.4,-51.581
-1.044e-14,53.559,25.575
-6.4393e-15,31.365,41.452
1.3286e-15,29.515,44.492
-8.7708e-15,30.886,50.041
-4.7703e-15,3.0886,65.139
-5.3254e-15,-3.0991,53.151
3.549e-15,20.436,48.177
-1.7205e-14,29.598,49.037
1.0984e-14,20.519,52.722
-8.8781e-15,12.309,55.291
-2.0754e-14,19.178,41.82
1.8837e-15,27.193,35.514
-5.7768e-15,37.92,45.659
1.9911e-15,44.263,10.27
-1.1998e-14,94.195,-9.9981
-3.9406e-14,57.924,-41.827
7.7642e-15,10.949,-68.548
-2.142e-14,5.6001,-76.297
-8.8818e-15,13.48,-97.048
-3.1412e-14,30.94,-114.82
-2.8414e-14,30.777,-46.834
4.7666e-15,34.157,-14.628
-1.1213e-14,21.616,-47.694
-3.2411e-14,32.747,-71.29
3.9895e-15,23.84,-79.122
1.1095e-14,4.2291,-81.846
-1.9984e-15,-0.032681,-71.722
-2.3196e-14,5.4945,-96.096
-3.119e-14,16.437,-144.04
-9.3332e-15,23.259,-188.02
-9.3332e-15,24.66,-187.82
-3.7962e-14,28.3,-183.19
-1.6653e-14,33.732,-170.9
-1.7431e-14,28.039,-155.61
-9.1038e-15,20.556,-148
-7.7716e-15,18.429,-153.24
-2.3973e-14,14.788,-157.87
-2.3973e-14,9.1851,-158.65
1.4315e-14,1.537,-160.12
-2.5306e-14,0.10649,-154.96
4.3675e-16,30.632,-117.75
-2.9643e-14,81.301,-76.499
-3.5638e-14,111.89,-49.994
-3.1423e-14,122.64,-45.203
-3.7973e-14,135.83,-32.242
-5.2625e-14,141.6,-22.373
-5.4286e-14,135.24,-22.844
-4.1852e-14,111.32,-45.95
-3.4972e-14,92.613,-55.144
-2.5868e-14,68.41,-65.925
-1.3101e-14,37.589,27.478
-1.3545e-14,43.972,43.203
-1.3985e-14,34.332,50.931
-9.8773e-15,18.107,59.806
9.77e-15,-6.6342,68.323
3.549e-15,12.032,47.01
-5.5878e-16,33.859,38.913
-1.891e-15,30.384,43.376
-8.212e-15,14.047,53.06
-1.5506e-15,0.81899,66.061
-4.1042e-15,4.8264,62.908
-2.364e-14,29.32,40.755
-3.119e-14,48.204,38.432
-9.8883e-15,95.381,48.282
-3.4306e-14,110.18,23.959
-3.6186e-14,55.866,-1.3082
1.6202e-14,0.7335,-15.56
1.3981e-14,2.7026,-40.017
-1.7837e-15,45.525,-81.056
-2.1316e-14,48.604,-72.385
-2.253e-14,16.059,-17.966
-2.1642e-14,10.298,-48.442
-1.0436e-14,14.702,-64.729
-1.5987e-14,27.487,-95.102
-6.5577e-15,33.186,-130.99
-3.3299e-14,26.879,-121.57
-2.7859e-14,19.945,-76.778
-1.9977e-14,4.8369,-55.383
-2.2974e-14,12.425,-43.2
-2.2863e-14,13.578,-56.642
1.0429e-14,19.301,-77.28
-2.2204e-14,28.73,-124.61
-3.6852e-14,36.474,-159.8
7.3201e-15,26.503,-170.25
4.6556e-15,16.751,-161.72
6.543e-15,11.005,-156.33
-3.119e-14,3.8297,-145.79
-1.9644e-14,-5.9228,-137.25
-2.1094e-15,-14.215,-139.23
-5.3291e-15,-4.9416,-139.17
-3.9968e-15,2.7362,-143.05
-2.2863e-14,10.354,-136.23
-2.0428e-14,52.648,-101.5
-3.8858e-14,107.15,-51.888
-3.0202e-14,123.57,-36.419
-3.697e-14,114.01,-44.753
-4.0079e-14,96.425,-62.034
-1.521e-14,35.981,-110
-1.7097e-14,24.917,-117.72
-9.3259e-15,21.052,-120.73
-2.0758e-14,57.613,52.928
-1.887e-14,53.269,58.508
-1.4429e-14,21.104,63.932
3.3674e-16,-10.529,70.667
4.6629e-15,1.3806,62.017
-5.218e-15,21.081,48.679
-9.1038e-15,35.62,51.935
-3.9968e-15,24.804,57.851
-5.3254e-15,6.7062,54.513
1.6095e-14,-10.523,50.059
2.0754e-14,-11.751,38.348
-6.6613e-16,6.7725,23.198
6.432e-15,35.911,19.002
-6.6687e-15,91.71,49.009
-1.6994e-14,106.59,49.839
-3.4041e-16,53.589,20.221
-1.6653e-15,5.0712,-0.53214
8.7634e-15,20.77,-31.325
-3.3632e-14,45.833,-78.128
4.9887e-15,25.257,-43.067
1.4092e-14,6.9741,6.3268
-6.9944e-15,17.751,-50.704
7.6982e-16,19.106,-81.016
9.9186e-16,15.809,-108.68
-1.843e-14,22.842,-113.06
2.3241e-15,29.09,-111.78
-1.3656e-14,33.781,-63.316
-1.9533e-14,2.8678,-30.926
-1.9644e-14,7.3178,-16.707
-1.9984e-15,4.4865,-11.742
1.276e-14,10.397,-8.0358
8.2083e-15,15.983,-43.118
-2.142e-14,15.406,-74.936
-2.5195e-14,5.8843,-88.623
-2.0532e-14,2.6402,-106.38
1.0096e-14,-4.1918,-118.87
-4.774e-15,-11.361,-128.94
-2.2204e-15,-18.17,-126.17
4.885e-15,-25.174,-127.15
-9.6553e-15,-11.248,-129.75
-1.9314e-14,-1.638,-132.12
1.2205e-14,-3.4285,-139.79
-1.954e-14,6.2645,-137.62
-7.7752e-15,40.266,-104.87
-2.1205e-14,59.563,-84.465
-2.4973e-14,30.603,-112.39
-2.2863e-14,3.3506,-137.2
-1.0436e-14,-2.5299,-146.26
1.0318e-14,-3.2865,-145.95
-2.2086e-14,-13.369,-155.6
-4.5143e-16,63.853,74.816
9.9553e-16,27.457,85.011
-2.9939e-15,-2.4088,84.16
7.1054e-15,-3.7798,78.611
-7.4348e-15,11.546,76.206
-8.6561e-15,12.025,67.617
1.1102e-15,2.7814,62.211
1.2875e-14,-5.4513,49.527
1.2653e-14,-5.1672,37.202
-5.2144e-15,-3.3468,39.515
-2.0421e-14,15.844,40.12
2.8792e-15,47.223,40.357
-3.4632e-14,63.47,46.735
-1.4884e-14,94.955,66.771
-2.7534e-14,96.917,62.921
-7.8826e-15,30.728,20.342
9.9847e-15,17.596,-3.3264
-1.4433e-14,40.695,-46.281
-2.3644e-14,27.9,-72.376
-1.2427e-14,-13.836,-13.462
1.0547e-14,-30.675,-10.443
-9.992e-15,23.939,-38.716
-1.4211e-14,35.997,-74.136
3.9895e-15,16.836,-80.095
1.0762e-14,2.1707,-41.327
-1.1768e-14,22.432,-58.709
3.6564e-15,31.587,-37.242
9.9847e-15,13.288,-23.709
-1.9984e-15,4.3809,-31.541
-1.7201e-14,-0.74984,-20.3
-1.598e-14,-0.44932,3.2349
1.7756e-14,-1.5726,11.322
-1.2871e-14,-7.3475,22.061
4.3299e-15,-12.306,21.784
1.8644e-14,-10.136,-19.543
-1.0762e-14,-19.402,-40.202
1.088e-14,-32.924,-71.344
-9.6516e-15,-39.667,-99.896
1.4648e-14,-12.791,-123.78
-1.1768e-14,13.605,-139.07
7.6532e-15,10.774,-134.11
-1.8648e-14,12.707,-132.6
-1.632e-14,25.006,-133.78
-1.0436e-14,21.283,-142.95
1.8089e-14,-1.5487,-148.18
-1.8866e-14,-3.032,-152.92
5.2107e-15,-10.68,-154.4
-2.3418e-14,-12.642,-150.55
5.5511e-16,-8.6649,-148.35
-1.0436e-14,-10.935,-147.43
2.1837e-16,37.173,102.43
-2.2204e-16,12.124,108.02
8.6561e-15,8.4306,93.496
-5.5474e-15,17.007,83.147
-5.218e-15,12.887,87.109
-1.5536e-14,11.126,74.087
1.4426e-14,6.759,64.413
-1.3426e-14,-3.5187,51.032
3.2196e-15,-4.8599,40.13
0,7.2151,40.57
-8.6597e-15,37.642,37.377
-2.2538e-14,66.526,40.153
-3.7629e-14,71.059,58.918
-4.0072e-14,91.839,84.061
-4.6511e-14,97.779,82.413
-7.2164e-15,33.972,38.104
9.0965e-15,24.705,17.445
-2.464e-14,24.89,-35.287
-1.8315e-14,26.605,-52.772
-4.2152e-15,-12.884,-10.033
1.4766e-14,-52.856,-35.781
1.1428e-14,3.9085,-43.559
-7.6605e-15,17.414,-48.278
-2.0199e-14,10.935,-27.333
-1.5758e-14,-2.9667,-9.4797
-2.4425e-15,3.7597,-16.789
8.6524e-15,19.617,-17.884
-9.881e-15,30.906,-11.782
-4.5519e-15,8.3883,-34.693
1.7312e-14,-3.8058,-13.718
2.1094e-15,-6.135,-2.0886
1.8422e-14,-5.4379,8.3124
-1.3093e-14,-5.557,29.729
7.6605e-15,-18.815,48.083
8.6597e-15,-23.212,43.763
8.9928e-15,-27.946,41.869
2.8525e-14,-31.025,33.198
2.3085e-14,-22.69,-11.395
1.2982e-14,-0.11525,-76.267
9.5406e-15,19.037,-126.78
-1.4207e-14,0.15259,-124.45
-1.1213e-14,4.3846,-129.22
1.2139e-15,23.718,-134.78
6.5879e-16,37.141,-144.05
5.7658e-15,27.725,-137.93
4.6556e-15,5.5444,-163.27
-1.7431e-14,-2.7776,-159.89
1.2982e-14,-6.1408,-156.24
-2.9858e-14,-3.9009,-151.81
-1.0436e-14,-6.7322,-146.84
1.121e-14,18.431,98.595
5.5511e-16,17.816,92.739
-1.9984e-15,26.026,90.17
-2.2752e-14,14.176,88.112
-9.8736e-15,-4.7082,90.435
5.7732e-15,3.9508,84.631
-2.5535e-15,17.037,77.793
-1.2212e-15,10.707,71.968
-4.1042e-15,4.8264,62.908
-8.4377e-15,23.35,47.757
-1.632e-14,56.668,28.892
-2.3426e-14,70.676,30.837
-1.9096e-14,68.175,53.983
-4.6703e-15,83.127,79.966
-1.8097e-14,101.81,94.514
2.2131e-15,48.392,62.776
-1.8533e-14,11.394,25.901
-1.3656e-14,43.903,-2.5576
-1.4322e-14,40.764,-0.52052
3.4417e-15,-0.94182,53.039
6.698e-16,-23.879,28.008
-2.2197e-14,6.9116,-60.041
-5.107e-15,0.58849,-86.473
6.6613e-16,5.5176,-80.843
6.3209e-15,8.6993,-129.45
1.3426e-14,-3.4851,-52.005
-1.8533e-14,2.7785,-14.864
3.5454e-15,43.146,-2.2505
-4.1078e-15,11.811,-49.056
-1.4426e-14,-10.697,-15.5
-1.0762e-14,-16.337,9.6837
5.5511e-15,-11.385,30.568
2.0088e-14,-10.688,40.969
9.881e-15,-25.092,52.157
1.1102e-14,-24.17,60.941
-7.3201e-15,-18.732,52.629
-1.1095e-14,-8.6427,41.665
-1.6646e-14,7.0499,31.48
-2.142e-14,18.682,14.548
-4.3299e-15,13.707,-21.59
3.7748e-15,-21.718,-69.788
-2.364e-14,-6.544,-122.5
-4.5519e-15,25.964,-150.96
-9.0001e-15,42.549,-147
-2.276e-14,32.347,-135.23
3.8784e-15,33.47,-143.32
-1.7431e-14,7.0277,-158.53
-9.6589e-15,4.5632,-161.35
-1.8874e-15,4.9002,-163.77
-2.3973e-14,-0.6203,-160.01
-9.9883e-15,33.763,75.582
7.6532e-15,39.846,67.772
-2.0088e-14,35.134,81.131
-4.6629e-15,12.071,98.124
1.1435e-14,-6.2808,101.76
2.4425e-15,2.2659,96.762
-1.3093e-14,15.771,92.043
-5.218e-15,12.887,87.109
3.8858e-15,12.497,79.635
8.6524e-15,36.849,63.646
-2.4092e-14,68.938,33.069
-3.8931e-15,64.795,21.777
-2.9414e-14,55.208,39.405
-3.774e-14,69.906,72.359
-3.8184e-14,90.296,90.029
-3.5187e-14,60.295,74.734
-2.3418e-14,29.036,53.081
-2.5639e-14,29.604,28.43
-1.2212e-14,44.646,38.35
-7.1054e-15,38.243,84.448
5.7695e-15,14.159,52.251
-2.8636e-14,22.657,-60.327
-1.0103e-14,9.7563,-106.22
-2.686e-14,15.336,-120.7
8.2083e-15,12.759,-122.7
-1.9755e-14,3.1519,-43.252
1.5092e-14,-1.731,-18.376
-1.8097e-14,50.959,8.3146
-1.9984e-15,4.3809,-31.541
-9.5406e-15,-19.67,7.9842
6.8834e-15,-13.512,25.326
2.3307e-14,-14.358,41.695
8.8818e-15,-17.893,56.867
2.797e-14,-24.395,62.558
-7.6532e-15,-21.002,53.55
7.4385e-15,-12.928,36.536
-1.6424e-14,2.4578,23.423
-4.2188e-15,17.979,24.754
1.054e-14,22.435,18.366
2.5535e-15,-5.3554,12.858
-1.658e-15,-47.491,7.8296
6.7724e-15,-27.695,-42.178
-2.1753e-14,11.524,-113.81
1.436e-15,34.429,-160.5
-3.7629e-14,36.384,-143.74
-1.6875e-14,44.032,-142.26
-2.0095e-14,26.691,-145.91
-2.9858e-14,25.515,-147.72
-4.4482e-15,24.144,-153.27
-1.7431e-14,11.23,-157.95
-7.6679e-15,86.513,91.565
-1.6764e-14,60.461,83.824
-1.7205e-14,31.21,88.829
1.4429e-14,11.959,98.933
1.6317e-14,-2.1909,103.15
9.8773e-15,5.15,101.7
-7.7716e-16,12.94,97.008
-1.1761e-14,8.0408,86.023
1.9984e-15,2.8342,72.111
-1.9866e-14,24.834,52.497
-3.4041e-16,53.589,20.221
2.6572e-15,47.401,8.2325
8.2083e-15,26.106,17.64
-2.7526e-14,38.257,43.233
-7.8899e-15,93.801,80.212
-1.2109e-14,80.858,80.887
-2.4751e-14,40.969,59.684
-1.5758e-14,5.8076,60.983
-6.6613e-15,24.857,67.751
-2.0202e-14,46.991,62.582
-1.3763e-14,25.432,22.492
-2.4862e-14,13.968,-49.169
-1.6317e-14,10.595,-101.98
1.769e-15,27.104,-123.18
-2.0754e-14,3.1356,-79.113
1.5425e-14,3.3401,-18.908
1.4648e-14,3.198,-12.745
-3.4521e-14,61.822,32.905
1.7312e-14,-1.9624,3.8491
2.3307e-14,-19.961,40.917
5.107e-15,-7.8036,45.903
9.3259e-15,-17.272,42.115
-3.4344e-15,-26.268,50.345
2.8081e-14,-23.242,49.117
8.6597e-15,-21.917,24.159
2.0421e-14,-11.325,19.86
-1.8755e-14,8.9826,32.985
-2.4196e-14,27.335,29.351
-2.1864e-14,19.303,-0.204
4.1078e-15,-12.075,-0.44067
1.9096e-14,-53.745,27.157
-1.547e-15,-44.831,14.381
-6.6613e-16,-7.5521,-38.144
-3.0857e-14,21.719,-104.97
-7.1128e-15,25.598,-143.18
-4.2736e-14,38.796,-150.82
-1.3656e-14,34.759,-142.32
-1.6875e-14,28.624,-144.4
-2.0095e-14,32.294,-145.13
-2.3418e-14,23.777,-145.49
-1.7542e-14,70.177,101.25
-7.2164e-15,34.289,97.5
-1.4433e-15,8.4008,98.851
-1.1102e-16,9.0748,93.998
-8.212e-15,4.4529,91.295
1.1876e-14,6.1609,94.418
-2.1531e-14,16.498,97.09
-2.2086e-14,21.517,86.659
-3.7748e-15,21.718,69.788
-2.6305e-14,36.377,51.628
-2.7637e-14,46.698,18.439
-9.6589e-15,27.82,0.15464
2.2204e-16,-1.7906,-7.6677
-5.9952e-15,20.78,25.143
-1.8874e-14,77.696,67.671
-3.3854e-14,69.374,71.049
2.4352e-15,49.509,75.296
1.3323e-15,13.703,76.093
1.3323e-15,-0.30431,74.148
8.8818e-16,1.6648,49.691
-1.387e-14,-7.2583,5.9987
1.2427e-14,10.823,-26.524
9.0965e-15,8.8212,-73.789
-3.0302e-14,19.502,-94.151
-1.5092e-14,-8.2856,-22.584
1.598e-14,-0.27747,-8.2819
1.1317e-14,18.375,11.62
-2.142e-14,21.537,24.836
6.6613e-15,-20.232,12.028
2.2641e-14,-13.294,44.316
8.3267e-15,-15.676,46.046
2.5972e-14,-24.216,30.434
2.8858e-14,-28.756,32.277
2.4084e-14,-18.471,25.05
1.4433e-15,-4.0074,3.1529
1.5203e-14,6.6371,8.753
1.2316e-14,12.683,26.904
-2.5528e-14,37.867,35.76
-2.4307e-14,25.97,3.195
-1.4204e-14,-9.6335,-12.879
3.3521e-14,-54.412,11.402
3.3188e-14,-52.479,12.907
2.2086e-14,-18.187,12.724
-2.031e-14,9.7823,-13.891
-2.1198e-14,16.311,-102.01
1.2139e-15,29.321,-134
3.8784e-15,32.07,-143.51
-3.6297e-14,31.455,-149.37
-2.5609e-15,26.804,-146.72
-6.7347e-16,26.662,-140.56
-1.5758e-14,4.6181,100.39
2.6971e-14,-15.584,107.06
4.996e-15,-11.547,98.553
1.9422e-14,0.39272,84.549
-1.2316e-14,7.4561,74.814
6.6613e-16,9.1641,77.936
-1.4315e-14,10.647,82.676
-2.2641e-14,22.333,75.643
-1.2101e-14,36.205,63.144
-1.5617e-15,51.478,50.84
5.5438e-15,44.368,30.068
-6.3283e-15,19.753,-3.4389
-1.3759e-14,-11.761,-18.12
-1.8422e-14,8.3451,11.875
-1.2323e-14,42.092,51.597
-1.0214e-14,48.67,71.058
6.9871e-15,33.905,69.42
-2.6416e-14,31.021,64.485
-1.2212e-15,13.508,72.357
3.0413e-14,-25.353,79.736
1.4988e-14,-30.305,58.852
-1.8311e-14,5.2958,-2.1496
-2.3315e-15,4.9127,-30.23
-6.7724e-15,13.265,-38.962
2.8866e-15,-10.195,-8.8351
-1.9984e-15,3.0857,-11.936
-1.088e-14,35.515,32.136
1.4433e-15,0.63751,21.109
3.2196e-15,-6.3663,20.136
-1.6868e-14,3.1318,18.57
-1.387e-14,-2.9503,26.381
-1.3981e-14,-5.6098,19.829
5.6621e-15,-13.033,16.737
-1.1317e-14,-14.067,8.7625
3.3307e-16,-0.47908,8.589
-1.5543e-15,4.5393,-1.8425
1.5314e-14,3.9776,2.2011
-3.1523e-14,48.736,39.743
-2.8192e-14,42.016,26.444
-1.1317e-14,-15.521,-1.3314
3.9295e-14,-62.09,15.282
1.9207e-14,-55.393,13.327
6.9944e-15,-19.416,1.0127
1.3981e-14,6.3894,-4.8829
-1.7867e-14,3.1155,-17.29
-2.6527e-14,16.416,-82.214
-3.0635e-14,25.426,-131.66
-2.0095e-14,40.699,-143.96
-2.7193e-14,25.462,-157.62
-7.7716e-15,22.631,-152.66
6.3283e-15,11.539,96.813
2.3315e-15,8.1166,111.18
3.6637e-15,7.3898,106.13
1.7423e-14,4.9848,92.606
3.2196e-15,9.359,81.673
-3.4417e-15,18.385,68.088
1.3093e-14,20.093,71.211
-2.7756e-15,22.924,66.246
-2.142e-14,24.444,45.024
8.9855e-15,24.9,21.182
-3.4417e-15,9.6633,7.5247
-1.4648e-14,-6.1052,-7.4427
2.3085e-14,-22.69,-11.395
-1.2205e-14,-15.574,-11.231
-1.8533e-14,9.9936,25.706
-1.0436e-14,37.748,57.176
-2.9976e-15,23.208,53.92
-7.7716e-16,19.733,58.383
-4.1078e-15,30.655,72.265
1.4981e-14,15.748,76.79
-7.9863e-15,-13.466,55.833
2.253e-14,-18.861,17.577
4.1078e-15,-12.075,-0.44067
1.7534e-14,-3.753,-3.8186
8.8744e-15,22.24,14.63
-3.0857e-14,51.769,17.907
-7.4385e-15,24.345,4.6179
-1.4981e-14,-5.5733,-6.1323
-1.4433e-15,4.3972,4.3203
-1.5425e-14,-2.9139,0.41961
1.3759e-14,8.1799,2.7848
1.2871e-14,10.929,-6.7254
1.82e-14,-5.1009,5.8862
2.364e-14,-23.453,9.5197
2.1531e-14,-13.116,12.192
4.4409e-16,-2.1276,-5.2415
-1.3323e-15,3.5283,5.4361
-3.4077e-14,68.257,58.529
-8.223e-15,67.508,38.228
1.9311e-14,-11.094,-2.3652
3.6963e-14,-63.97,23.676
3.5853e-14,-56.629,22.223
-9.9847e-15,-17.596,3.3264
-3.4417e-15,8.1569,-12.469
-1.6424e-14,-0.50213,-6.6644
-2.1094e-15,1.827,-18.294
1.2316e-14,7.9524,-72.673
-3.5187e-14,22.819,-128.31
-1.4211e-14,39.777,-152.75
1.0368e-16,28.152,-156.42
1.9984e-15,7.0365,72.694
6.1026e-15,4.0334,89.176
2.253e-14,5.3746,100.08
1.6091e-14,9.9139,98.236
3.1086e-15,18.011,96.476
-2.3307e-14,36.003,80.015
6.3209e-15,48.977,73.986
-3.0635e-14,58.7,70.803
-5.2254e-15,65.733,66.421
-3.8931e-15,73.411,62.542
-2.2649e-14,72.377,54.567
-1.7837e-15,57.365,39.293
-2.7082e-14,40.279,28.676
-4.885e-15,16.135,7.1871
-7.7716e-16,4.0602,6.7465
-3.3307e-15,11.596,9.0296
-1.1102e-15,7.4464,18.345
1.6979e-14,-3.0627,27.19
-3.8858e-15,16.152,43.048
1.0762e-14,22.204,40.591
1.0984e-14,28.924,53.89
-2.253e-14,34.692,63.758
-2.5972e-14,35.845,50.317
-1.521e-14,45.231,49.56
1.0429e-14,21.229,21.908
-2.253e-14,17.619,11.927
-8.8818e-16,2.8015,0.38912
-6.6613e-16,2.4645,2.8153
1.5425e-14,2.9139,-0.41961
-1.6202e-14,-0.78631,5.6611
-7.7716e-16,2.6594,6.5519
1.4648e-14,7.506,7.6372
1.8089e-14,-5.6856,-5.3236
2.3751e-14,-25.26,-34.009
-1.1428e-14,-16.832,-17.588
1.8422e-14,-6.8915,-1.7815
-2.9976e-15,10.39,12.572
-3.5742e-14,76.52,65.859
-3.3188e-14,73.913,69.206
1.1102e-16,-0.036469,25.961
1.9096e-14,-49.542,27.741
1.9096e-14,-50.943,27.546
-1.0651e-14,-17.932,5.7526
1.2871e-14,8.8011,-11.967
1.5924e-14,1.5131,-0.61417
1.1102e-15,-1.8434,-17.567
-1.82e-14,0.74021,-36.168
-2.3307e-14,11.345,-81.682
-2.5979e-14,40.22,-135.37
-3.6297e-14,45.463,-147.42
-9.2112e-15,8.6389,56.018
1.7764e-15,4.5192,59.98
1.3648e-14,2.4675,79.891
-1.6979e-14,5.0971,91.797
-1.1761e-14,9.4415,86.218
9.2075e-15,22.025,72.716
-2.2863e-14,36.624,65.263
5.5438e-15,47.276,50.256
-1.8097e-14,53.972,48.301
-3.3743e-14,59.321,56.051
-5.1144e-15,59.883,52.007
8.8084e-16,51.709,28.615
-1.4988e-14,43.334,22.094
-2.4862e-14,25.491,11.784
-2.8866e-15,7.2352,-21.252
-2.3315e-15,2.1112,-30.619
-1.8874e-15,4.2916,-15.478
1.5425e-14,4.8993,10.985
1.3648e-14,10.555,21.662
1.054e-14,18.233,17.783
2.3241e-15,52.347,49.724
-1.3656e-14,58.227,58.784
-1.9311e-14,14.001,22.553
1.1539e-14,18.091,23.945
2.2204e-16,2.5174,12.715
1.9755e-14,-7.5127,12.97
1.8311e-14,-3.8423,12.244
-1.387e-14,-5.8575,6.1933
1.9311e-14,-8.9662,2.8763
-1.5092e-14,-2.5241,7.8928
-1.5543e-15,5.9929,8.2514
-1.6091e-14,4.7275,22.502
5.218e-15,-18.015,1.2073
1.5425e-14,-15.081,-61.035
2.1087e-14,-15.507,-42.546
3.8858e-15,-11.738,-2.8669
-2.1531e-14,16.023,7.9959
-3.7821e-15,71.763,48.711
-7.845e-16,75.591,77.683
1.8089e-14,6.5113,50.777
3.3299e-14,-48.313,39.452
-2.2131e-15,-42.367,17.197
2.1087e-14,-15.349,-12.848
-1.7756e-14,1.5726,-11.322
-1.6313e-14,0.08257,4.5453
0,-2.9072,-20.188
-1.8311e-14,0.98792,-22.532
1.165e-14,9.2274,-30.455
-8.9928e-15,33.338,-80.688
-6.7347e-16,49.074,-137.44
-4.4409e-16,12.197,56.1
-3.3307e-16,13.35,42.659
-2.3315e-15,10.938,49.743
1.4426e-14,9.5606,64.802
-1.8089e-14,13.733,70.739
-2.1094e-15,20.459,63.43
1.0651e-14,25.253,54.616
-7.4385e-15,30.159,44.994
-2.686e-14,38.594,40.807
-3.1079e-14,46.661,44.4
-2.2938e-16,49.35,45.598
-2.6971e-14,40.136,34.839
-2.4862e-14,28.293,12.173
-2.1864e-14,14.996,-20.586
-2.2308e-14,9.9609,-46.016
1.0762e-14,7.7738,-40.549
-5.107e-15,14.913,-25.132
1.165e-14,13.535,-10.073
1.0429e-14,15.468,-8.5679
-3.1086e-15,9.0258,-13.584
-1.9866e-14,9.1083,-9.0391
-3.9968e-15,13.281,-3.1014
-1.6757e-14,-1.4238,-15.448
1.1102e-15,-6.0457,-18.151
2.6645e-15,-9.8582,-11.261
2.0421e-14,-11.431,0.06098
2.7756e-15,-7.8727,0.14302
1.9311e-14,-11.094,-2.3652
2.0421e-14,-12.832,-0.13358
-1.3426e-14,-8.7118,-4.0952
-1.598e-14,-2.6297,-11.906
3.2196e-15,-7.8199,10.042
-5.3217e-15,-33.341,3.6124
1.7867e-14,-4.8331,-42.3
-1.7534e-14,1.0772,-38.594
-1.6424e-14,-0.83912,-4.2382
-2.3973e-14,28.346,22.072
-3.4965e-14,59.8,47.462
-2.0428e-14,63.299,58.252
-1.7312e-14,6.8186,53.705
3.1079e-14,-42.036,35.378
-9.5406e-15,-25.379,-12.593
1.7645e-14,-8.6456,-35.411
1.3323e-15,-6.3299,-5.8252
1.6202e-14,-0.61446,-5.8557
1.7764e-15,-5.2661,-3.2044
-1.6535e-14,-0.36004,-12.827
-1.1102e-16,-1.3115,-16.257
-4.1078e-15,10.516,-29.452
-1.9762e-14,47.382,-104.7
-1.2209e-14,23.231,69.174
-1.1099e-14,19.987,51.412
-6.8834e-15,25.035,35.626
8.2083e-15,27.612,37.633
1.0651e-14,30.856,55.395
1.1872e-14,35.98,64.762
-2.575e-14,38.362,63.032
-1.0769e-14,39.68,58.681
-3.341e-14,47.583,53.184
-1.6098e-14,57.785,41.412
5.4777e-16,55.043,30.314
4.7666e-15,37.17,25.359
-2.3973e-14,22.531,-18.303
-2.0865e-14,8.9864,-64.699
1.0318e-14,6.9414,-65.395
-4.885e-15,13.122,-32.799
-5.8842e-15,16.119,-28.674
6.2099e-15,24.778,-34.478
-1.0991e-14,29.737,-34.201
9.7626e-15,17.774,-35.451
-1.8533e-14,8.2759,-33.885
-6.6613e-16,-1.949,-37.366
-9.992e-16,2.7852,-35.472
-1.8533e-14,-0.12867,-35.052
1.5543e-15,-8.226,-33.292
2.7756e-15,-10.106,-24.897
9.992e-16,-5.9036,-24.314
3.3307e-16,-6.2406,-21.887
1.8874e-15,-7.2515,-14.609
1.8977e-14,-10.615,-10.954
1.92e-14,-13.859,-28.716
-1.4426e-14,-10.697,-15.5
1.9977e-14,-12.884,-10.033
-2.8866e-15,8.0148,-6.3058
1.3093e-14,9.1909,-4.4938
-2.9976e-15,7.4829,-7.6162
5.6548e-15,37.117,15.46
-7.3275e-15,27.11,30.969
-6.5503e-15,30.212,54.893
1.3315e-14,9.7919,42.577
8.8818e-15,-25.214,-3.5021
1.598e-14,-6.0918,-48.658
-1.8422e-14,-5.9794,-49.466
2.0976e-14,-15.048,10.687
1.7645e-14,-4.2849,-5.129
4.2188e-15,-12.27,-4.1772
1.4433e-15,-5.124,-9.3672
-1.7867e-14,0.31394,-17.68
-1.8422e-14,5.4379,-8.3124
-8.9552e-16,42.988,-31.949
-1.3359e-15,28.167,54.197
-5.5511e-15,28.616,50.962
-6.698e-16,34.001,32.75
-1.1657e-14,45.125,29.761
-1.4211e-14,46.437,46.018
-2.6971e-14,41.643,54.832
5.0997e-15,41.051,64.23
6.0989e-15,38.055,60.104
-1.0658e-14,38.032,44.851
-9.4369e-15,37.447,33.641
-2.686e-14,32.885,20.23
-8.5487e-15,24.576,-17.607
-2.7637e-14,22.462,-64.063
-1.2212e-14,21.6,-83.555
7.0981e-15,13.413,-65.732
8.4304e-15,19.902,-30.209
6.876e-15,29.317,-36.32
-2.0057e-15,48.822,-53.395
-3.8628e-14,58.013,-57.889
-3.7185e-14,58.651,-36.78
-1.8947e-15,48.786,-27.434
1.0762e-14,21.781,-38.604
-8.1046e-15,19.594,-33.137
-2.5417e-14,23.4,-19.419
-2.0976e-14,7.9389,-31.459
1.0318e-14,12.756,-25.019
1.2427e-14,10.823,-26.524
-5.218e-15,8.0513,-32.267
1.0318e-14,18.359,-24.241
-1.8977e-14,7.7076,-9.2336
-1.6202e-14,-2.3455,-24.231
-1.3323e-15,0.51555,-34.55
-2.3973e-14,16.823,-38.88
-1.0325e-14,28.779,-17.023
-6.6613e-15,20.285,-2.1285
-1.7423e-14,3.2211,2.5082
-5.218e-15,22.376,29.074
-2.0643e-14,17.529,27.989
6.9871e-15,32.293,29.628
-2.3529e-14,24.764,6.737
1.9866e-14,-14.923,-31.337
1.598e-14,-5.9862,-28.859
-1.3204e-14,-14.031,-17.199
2.2752e-14,-17.85,10.298
4.1078e-15,-9.2207,9.8478
1.7645e-14,-7.1392,-15.417
-1.1102e-15,2.4117,-7.084
-1.8644e-14,7.2285,-0.64466
-3.4417e-15,9.5577,-12.274
-2.9414e-14,41.095,17.661
-2.5309e-14,56.196,16.873
-2.6975e-14,60.256,23.62
-2.2204e-14,64.594,38.648
-2.1538e-14,63.53,36.027
-1.5987e-14,51.934,26.997
-3.0857e-14,49.073,37.316
-1.4322e-14,45.283,59.459
-2.7637e-14,35.703,56.48
-2.4418e-14,26.324,36.63
1.1983e-14,17.417,28.798
-3.5527e-15,10.532,6.4089
-2.3862e-14,16.575,-52.516
-2.5195e-14,24.094,-86.094
-1.0325e-14,24.259,-77.003
1.2094e-14,11.249,-45.012
-7.7716e-15,19.062,-34.447
3.9895e-15,32.456,-38.357
-1.4506e-15,48.006,-42.38
-3.7821e-15,68.539,-30.873
-4.8398e-14,86.293,-4.501
-4.0405e-14,82.143,4.8147
-3.4854e-14,55.139,-6.3552
-3.2633e-14,47.461,-2.4756
-1.2101e-14,35.888,3.7482
-1.0769e-14,29.558,-2.077
-8.2157e-15,24.097,-9.018
-7.8826e-15,24.966,-10.134
-2.4307e-14,23.063,-16.993
-9.992e-15,26.846,-18.528
-5.6621e-15,15.835,-16.348
-4.2188e-15,6.4556,-36.198
8.9855e-15,20.275,-58.597
-2.9414e-14,32.373,-42.903
6.2099e-15,34.794,6.4815
-2.3307e-14,25.881,19.257
-1.2427e-14,-9.5279,6.92
1.3648e-14,9.2601,41.266
-5.7732e-15,23.297,37.858
2.9903e-15,44.068,6.533
4.7666e-15,32.756,-14.822
-1.4426e-14,-14.952,-25.983
4.1078e-15,-12.128,-10.34
-9.2075e-15,-21.603,6.4793
6.3283e-15,-21.154,3.2444
4.3299e-15,-13.76,11.69
1.7645e-14,-5.7384,-15.223
-1.7312e-14,0.89864,-6.4699
2.2204e-16,-0.28418,12.326
0,0.05281,9.8994
-2.8636e-14,38.488,21.008
-1.4104e-14,64.802,1.1696
-2.4869e-14,72.84,10.117
-1.6324e-14,74.092,37.082
-1.6431e-14,69.523,44.278
-1.9873e-14,66.474,30.253
-6.8907e-15,70.983,33.765
-3.8931e-15,66.407,61.569
-1.3323e-14,56.295,57.279
-3.0746e-14,43.328,42.701
-2.464e-14,30.916,44.686
-2.4751e-14,23.843,-2.0465
3.9895e-15,19.638,-79.706
-2.253e-14,12.835,-97.55
1.2871e-14,5.7355,-61.853
1.1761e-14,10.486,-24.098
-2.686e-14,27.071,-20.146
-1.299e-14,38.531,-25.561
-3.3521e-14,55.813,-11.208
-3.7851e-14,68.33,6.6056
-4.096e-14,81.77,33.202
-4.4957e-14,93.755,49.705
-3.9406e-14,79.358,40.286
-1.9873e-14,72.077,31.032
1.2139e-15,53.979,27.694
-2.8858e-14,45.882,29.454
-2.9081e-14,40.563,16.35
-2.8858e-14,41.574,9.0718
-1.6209e-14,50.817,14.477
5.7658e-15,35.468,1.6291
-2.6971e-14,34.322,-5.537
4.6556e-15,28.59,-41.367
-2.542e-14,46.216,-50.048
-8.8855e-15,49.536,-7.1334
-2.1087e-14,28.114,44.297
-1.7312e-14,8.1137,34.1
-1.1428e-14,-12.472,12.694
-6.6613e-16,6.8781,42.996
-2.3529e-14,23.469,26.341
-2.2938e-16,49.034,-13.798
-1.9092e-14,33.519,-35.737
-1.1983e-14,-15.911,-8.8046
-1.054e-14,-15.273,12.304
8.7708e-15,-23.565,10.328
2.2863e-14,-19.498,-3.5326
1.9533e-14,-10.03,0.25554
-1.5203e-14,-3.8355,-8.3639
-1.4426e-14,-6.4422,-5.0165
-1.0873e-14,-13.34,13.809
-1.387e-14,-4.3511,26.187
-8.7708e-15,30.78,30.242
-2.0317e-14,54.435,3.8513
-2.6864e-14,60.008,9.9836
-2.9528e-14,71.267,21.439
-3.5079e-14,77.26,29.691
-2.4092e-14,78.743,34.431
-2.7311e-14,82.414,33.704
-1.3108e-14,87.845,45.999
-2.7534e-14,89.913,61.949
-6.8907e-15,83.801,75.113
-7.7789e-15,73.943,63.852
-3.338e-15,59.566,-7.3889
-1.1176e-15,43.061,-83.872
-2.3307e-14,19.75,-80.515
-2.5535e-15,3.7962,-42.75
-2.9969e-14,37.603,-13.737
-1.8985e-14,56.51,-0.80655
-1.9984e-14,53.903,2.5409
-1.6542e-14,55.552,16.371
4.3675e-16,48.287,42.978
-2.6083e-14,43.096,64.926
-2.8081e-14,53.292,73.761
-2.9636e-14,55.703,66.677
-3.2189e-14,63.913,64.108
1.547e-15,59.261,66.759
-1.0658e-14,42.234,45.434
-1.1546e-14,40.781,35.34
1.547e-15,43.642,25.021
-3.3521e-14,56.024,28.39
-3.2522e-14,50.226,23.875
2.1021e-15,42.72,16.238
-3.1412e-14,38.366,-34.651
-1.9207e-14,59.595,-12.743
-1.3989e-14,46.047,38.545
1.3323e-15,3.898,74.732
-1.0207e-14,-8.5899,51.564
-1.0318e-14,-18.359,24.241
1.1428e-14,22.541,38.165
-3.3188e-14,65.297,28.441
-3.5409e-14,58.756,-16.981
-1.5206e-14,11.976,-39.965
2.3307e-14,-22.921,10.83
2.5639e-14,-20.883,32.134
6.6613e-15,-20.285,2.1285
2.9976e-15,-13.192,-12.961
-1.4981e-14,-5.5733,-6.1323
-1.5092e-14,-5.4312,-12.295
2.031e-14,-12.637,3.603
8.2157e-15,-22.644,19.112
1.92e-14,-6.5382,31.653
-4.885e-15,28.953,48.536
-8.1083e-15,51.237,16.596
-2.975e-14,60.345,7.5574
-1.5436e-14,68.33,6.6056
-2.6867e-14,74.63,17.785
-2.7974e-14,75.859,29.496
-1.9544e-14,80.564,36.744
-1.5991e-14,91.77,38.301
-1.3219e-14,97.898,60.997
-5.1729e-14,99.038,88.77
-3.6526e-14,102.66,57.537
-4.1963e-14,97.565,-34.26
-1.6435e-14,73.706,-68.074
-1.4506e-15,48.006,-42.38
4.8776e-15,41.019,-7.492
-3.3081e-14,78.06,-17.185
-2.6864e-14,79.619,12.707
-2.5198e-14,53.147,2.848
-1.0658e-14,32.218,4.4749
-5.4401e-15,21.365,36.353
-1.0099e-14,18.603,87.078
5.5511e-16,12.213,91.961
1.7312e-14,6.4221,66.839
-7.3275e-15,28.722,70.76
-2.6527e-14,38.273,79.094
1.1206e-14,37.044,67.383
-2.2419e-14,20.436,48.177
-2.3307e-14,32.991,40.029
-2.5528e-14,37.867,35.76
-1.3545e-14,43.972,43.203
1.0096e-14,23.162,23.413
-5.4401e-15,15.551,-4.0226
-2.7792e-15,37.335,34.45
-1.2431e-14,19.313,56.264
1.665e-14,-18.342,60.102
2.575e-14,-22.32,57.901
2.0421e-14,-12.62,39.464
-1.2434e-14,49.132,26.608
-3.4306e-14,97.575,22.208
-2.7086e-14,58.892,-2.5365
3.2196e-15,-10.78,-20.045
-4.6556e-15,-31.498,21.18
-7.7642e-15,-26.568,26.81
2.253e-14,-20.314,7.4826
1.9866e-14,-11.289,-6.1018
1.5543e-15,-6.7197,-13.298
2.6645e-15,-12.66,-11.65
-9.8736e-15,-20.539,9.1001
8.4377e-15,-18.726,32.021
-1.5314e-14,-1.9758,45.064
-1.0436e-14,39.149,57.371
-4.5556e-15,38.63,14.845
-8.9965e-15,55.386,7.2808
-1.4437e-14,65.334,2.4799
-1.843e-14,58.495,10.598
-1.266e-14,65.44,22.279
-3.0638e-14,70.309,38.617
-1.3215e-14,73.471,51.834
-3.227e-15,82.153,61.283
-1.2886e-14,91.763,58.908
-2.2319e-14,105.87,24.184
-3.3418e-14,107.01,-45.725
-3.2863e-14,83.782,-37.823
4.3675e-16,52.172,-15.835
-2.1982e-14,65.499,11.571
-3.4635e-14,83.484,15.717
-1.9762e-14,66.226,16.618
1.2871e-14,24.579,59.469
-1.2212e-15,3.7031,70.995
1.2431e-14,-4.6717,64.474
1.7649e-14,-9.9215,97.13
-2.1021e-15,-19.78,85.869
3.3743e-14,-40.477,65.271
2.4418e-14,-17.391,63.531
7.3275e-15,-18.283,49.394
-3.8858e-15,26.168,84.007
1.6646e-14,13.089,70.238
-1.4981e-14,5.8969,44.921
-8.8818e-16,9.9638,31.06
-1.8977e-14,13.469,21.243
-1.0321e-14,7.3111,3.9006
-1.2542e-14,12.187,-0.36807
-1.8874e-15,8.7579,34.602
1.5317e-14,-13.413,65.732
1.6539e-14,-23.698,72.959
-7.0981e-15,-21.818,64.565
-1.0207e-14,-8.5899,51.564
1.2139e-15,44.174,26.332
-3.3525e-14,84.442,-1.4606
-1.8985e-14,53.603,-20.994
3.9968e-15,-13.175,22.9
3.1123e-15,-30.44,44.408
2.9192e-14,-27.887,31.161
-9.8736e-15,-20.592,-0.7993
-1.2871e-14,-9.5807,-2.9794
4.1078e-15,-12.128,-10.34
2.2197e-14,-19.783,8.793
2.3751e-14,-23.542,25.582
2.0976e-14,-3.631,51.841
7.7716e-16,13.119,64.884
7.8752e-15,49.367,81.459
-2.5531e-14,56.48,4.5475
-2.2423e-14,44.653,17.743
-1.2657e-14,42.413,13.31
-1.843e-14,51.491,9.6249
-1.6542e-14,49.949,15.593
-1.3101e-14,47.395,28.84
-1.5765e-14,54.451,39.712
-3.1416e-14,67.418,54.29
-1.4104e-14,87.425,43.88
-2.787e-14,108.85,-7.5508
-2.565e-14,110.76,-41.907
-2.5646e-14,85.146,-11.667
4.3675e-16,52.278,3.9638
-2.6642e-14,73.732,24.255
-2.0099e-14,82.781,25.924
2.2131e-15,42.789,61.998
-1.1102e-16,10.476,94.193
-2.031e-14,7.6145,104.51
-9.0965e-15,-13.024,73.206
3.338e-15,-46.748,48.737
1.7764e-14,-47.415,32.982
-2.7682e-15,-35.736,46.557
1.1435e-14,-27.504,59.241
2.8081e-14,-34.448,47.561
2.4751e-14,-16.522,62.415
-1.4981e-14,18.715,86.269
2.2308e-14,-21.167,44.459
2.4418e-14,-21.805,23.35
-3.8858e-15,17.447,23.444
-1.5428e-14,20.982,8.2725
-1.5984e-14,24.705,17.445
4.1078e-15,-6.2079,49.834
2.5531e-14,-47.653,75.815
3.0413e-14,-26.754,79.542
2.4084e-14,-14.058,65.231
5.6621e-15,-8.6196,56.918
-2.0424e-14,45.875,50.062
-1.8985e-14,66.315,0.55538
-2.6531e-14,45.257,-32.87
-5.8805e-15,-2.2831,42.136
1.2768e-14,-25.429,54.584
2.6527e-14,-29.235,40.866
-8.4304e-15,-21.408,10.216
3.1086e-15,-9.0786,3.685
5.107e-15,-16.472,-4.7609
2.4973e-14,-21.22,34.56
2.4529e-14,-16.238,50.09
1.6313e-14,16.422,71.937
-4.5519e-15,31.434,87.212
-9.1038e-15,49.839,93.478
-2.1982e-14,65.499,11.571
-2.4088e-14,47.312,24.295
-4.3335e-15,43.949,27.949
-2.4421e-14,47.844,25.605
-1.8648e-14,38.765,29.29
-2.0021e-15,34.728,37.797
-1.0103e-14,31.507,35.289
3.294e-16,29.71,48.229
-2.4088e-14,50.114,24.684
-3.5857e-14,87.954,-31.885
-3.9191e-14,106.49,-11.175
-3.3085e-14,94.294,30.408
-3.1638e-14,77.508,43.327
-2.9199e-14,90.961,28.709
-1.7545e-14,85.566,-9.548
9.7626e-15,23.8,44.522
1.0984e-14,23.215,33.313
-2.253e-14,34.692,63.758
-1.2205e-14,-3.9978,59.621
4.4482e-15,-56.996,30.003
1.8319e-14,-53.94,23.421
-1.3315e-14,-7.9687,36.813
-7.9863e-15,-21.871,54.666
3.0413e-14,-35.37,38.777
-5.3217e-15,-31.729,43.404
3.2196e-15,6.5574,81.283
1.1768e-14,-29.436,57.737
1.3212e-14,-44.418,37.108
2.2419e-14,-15.812,31.602
1.387e-14,11.672,34.182
-6.5503e-15,19.006,53.336
2.1531e-14,1.156,63.634
1.0991e-14,-19.72,75.161
6.4393e-15,-19.525,78.897
2.4418e-14,-18.792,63.337
1.8311e-14,0.62409,62.324
-2.2978e-14,51.283,47.103
-8.9965e-15,56.787,7.4753
-1.3434e-14,35.108,-11.198
-7.1018e-15,-0.40322,33.742
1.1435e-14,-35.908,58.074
2.3388e-15,-45.152,52.669
1.1657e-14,-29.4,31.775
4.6629e-15,-14.292,10.38
2.464e-14,-23.595,15.682
-8.3193e-15,-11.533,57.338
1.82e-14,0.8718,75.96
1.165e-14,25.27,90.477
1.0318e-14,42.806,97.859
-2.7859e-14,43.202,84.725
-2.1091e-14,42.525,12.501
-1.4988e-14,50.338,23.066
-4.9997e-15,43.612,30.375
-1.887e-14,36.354,36.374
-9.3259e-15,37.305,39.804
-3.6699e-18,28.841,49.344
-1.5873e-14,27.47,43.796
-7.4385e-15,23.155,44.021
-1.5539e-14,31.035,23.27
-1.7986e-14,54.808,-24.536
-2.9195e-14,73.537,20.518
-2.4536e-14,73.92,48.599
-2.7863e-14,73.021,55.069
-4.3073e-14,92.616,21.932
-2.5539e-14,90.905,-58.266
-2.6309e-14,43.361,-60.336
-1.6209e-14,46.193,-65.301
-8.6634e-15,56.255,6.165
-2.7082e-14,47.494,69.246
-2.5417e-14,35.029,61.332
-2.1198e-14,12.954,55.793
1.598e-14,6.9376,32.288
2.2204e-16,2.7286,52.312
3.5527e-15,-13.796,37.652
-7.4312e-15,-24.299,25.889
6.6613e-15,-14.418,52.404
5.7732e-15,-8.6561,82.88
5.8915e-15,-61.961,50.334
2.0206e-14,-46.972,50.355
1.1435e-14,-24.702,59.631
2.7859e-14,-19.945,76.778
6.4393e-15,-8.3191,80.454
-4.5446e-15,-10.417,69.858
2.7637e-14,-21.061,64.258
-4.5446e-15,-11.818,69.664
-5.5511e-16,8.2424,69.152
-1.4433e-14,52.324,34.471
-9.5516e-15,50.599,-4.5126
-1.5984e-14,26,-2.159
9.7663e-15,-4.8302,34.776
2.0761e-14,-50.59,60.981
2.5979e-14,-57.452,53.845
-2.9903e-15,-34.051,34.426
2.4751e-14,-19.535,22.429
2.3973e-14,-22.426,38.102
-1.2982e-14,2.9168,76.656
-3.3307e-15,21.15,94.439
1.2871e-14,27.592,99.455
-2.8636e-14,37.51,100.01
-7.1054e-15,27.037,82.891
-1.2879e-14,40.001,20.394
-1.3101e-14,40.391,27.867
-8.6597e-15,36.241,37.183
-9.992e-15,28.564,41.062
-4.3317e-15,29.74,42.874
-8.1046e-15,25.62,46.836
2.8829e-15,22.901,50.992
-8.5469e-15,18.983,38.083
-9.9902e-15,19.746,17.169
-5.664e-15,31.656,8.5186
-3.5564e-15,44.249,51.484
-1.3989e-14,54.557,59.511
-2.0983e-14,72.519,48.404
-3.1305e-14,86.57,3.7809
-2.7756e-14,82.56,-70.142
-1.5547e-14,46.933,-101.47
-2.4976e-14,49.638,-64.41
-2.7311e-14,85.215,34.093
-3.6634e-14,89.9,103.16
-2.2649e-14,83.583,56.123
-1.2879e-14,54.114,42.138
-3.5527e-15,18.421,42.127
-2.1198e-14,25.56,57.544
2.2974e-14,-8.2231,43.784
6.9944e-15,-20.658,30.516
-1.3759e-14,2.6163,53.121
1.7645e-14,4.4894,65.334
3.3965e-14,-46.576,37.221
3.008e-14,-44.643,38.726
4.0041e-15,-49.212,45.922
1.6875e-14,-47.256,62.68
2.9747e-14,-34.095,80.995
-4.6556e-15,-26.978,81.159
2.5972e-14,-25.406,69.837
5.8842e-15,-10.305,69.049
-5.7732e-15,17.906,76.677
-2.1424e-14,37.454,13.033
-9.1038e-15,26.793,-28.428
-3.9968e-15,13.334,6.798
-8.2083e-15,-21.587,42.34
2.6534e-14,-72.275,62.915
9.1112e-15,-58.628,52.033
6.7724e-15,-23.07,37.6
6.1062e-15,-6.5977,42.361
4.3299e-15,-3.6905,62.549
1.5536e-14,19.135,88.389
-5.3291e-15,32.746,103.47
-2.7756e-15,30.139,106.82
-2.2863e-14,25.63,103.3
-1.8866e-14,13.644,86.802
-8.3285e-15,41.514,19.78
-9.5498e-15,40.698,30.795
-7.5514e-15,34.811,42.342
-5.664e-15,29.066,47.727
-5.664e-15,27.665,47.532
-7.6587e-15,24.639,48.761
-5.9952e-15,23.793,65.13
-2.1113e-15,22.062,46.754
1.1084e-15,16.885,27.487
5.5328e-16,17.807,36.271
-5.107e-15,22.445,74.835
2.7719e-15,37.156,66.574
-1.7097e-14,60.781,45.537
-1.6657e-14,77.214,-0.81598
-1.8322e-14,59.84,-76.183
-2.6198e-14,47.316,-73.389
-3.4743e-14,57.693,-19.602
-1.2997e-14,88.998,32.558
-3.2189e-14,61.111,63.719
1.436e-15,50.893,39.63
-1.1324e-14,43.298,48.055
-1.7312e-14,18.025,55.261
8.9855e-15,40.52,62.919
1.9755e-14,-3.1519,43.252
7.3275e-15,-14.186,30.179
-2.0532e-14,24.497,54.923
1.5543e-15,9.0056,48.238
1.1324e-14,-28.868,33.085
1.5617e-15,-39.849,29.911
3.7185e-14,-54.448,37.364
2.6719e-15,-61.092,49.218
2.0095e-14,-59.331,62.24
1.2286e-15,-47.511,69.652
1.6209e-14,-30.784,67.441
2.1864e-14,-6.3797,61.351
-1.9866e-14,10.826,50.552
-5.7732e-15,17.43,-12.417
-2.0643e-14,7.407,-32.769
-1.3981e-14,-4.209,20.024
1.3101e-14,-31.564,52.495
4.0738e-14,-75.249,74.043
2.5609e-15,-46.837,64.8
2.0976e-14,-6.4326,51.452
1.5092e-14,11.298,62.57
-1.4981e-14,13.112,85.491
-1.7645e-14,25.772,97.142
-5.9952e-15,35.21,106.28
-2.2204e-16,27.532,110.16
-5.3291e-15,18.738,101.52
-1.6313e-14,19.442,91.316
-8.8818e-15,30.922,24.079
-8.3267e-15,27.305,34.705
-7.1054e-15,25.425,43.1
-4.885e-15,26.152,48.146
-3.4435e-15,24.189,51.996
-5.8842e-15,20.744,51.105
-1.0101e-14,20.205,70.402
-9.4351e-15,20.542,67.976
-7.3256e-15,21.305,47.061
-7.9918e-15,19.568,49.293
1.2542e-14,19.105,93.743
-7.1054e-15,27.037,82.891
-2.3977e-14,55.68,51.424
-1.6657e-14,80.016,-0.42686
-2.387e-14,54.013,-75.344
-2.0983e-14,53.887,-33.32
-3.5742e-14,70.706,25.483
-1.5765e-14,68.459,41.658
-1.9651e-14,59.186,41.606
1.1317e-14,25.59,52.19
2.3307e-14,-1.5399,83.044
4.4336e-15,39.314,66.461
1.054e-14,32.505,69.225
2.142e-14,-10.014,36.116
-1.7534e-14,5.702,41.184
-6.2172e-15,28.279,53.388
2.8866e-15,4.0766,42.607
-1.0429e-14,-15.31,38.266
2.5639e-14,-20.883,32.134
1.199e-14,-34.134,29.881
-3.6564e-15,-44.194,35.491
1.8319e-14,-52.433,43.414
1.9207e-14,-49.579,53.702
1.1768e-14,-26.635,58.126
1.8422e-14,-3.8259,48.104
1.4433e-15,0.63751,21.109
1.6313e-14,-3.7165,-29.78
2.4425e-15,-8.1732,-23.392
6.4393e-15,-16.935,39.689
1.4322e-14,-32.043,61.084
2.4425e-14,-59.031,85.775
3.1079e-14,-25.016,77.31
-5.5511e-16,16.647,70.32
-8.9928e-15,32.782,77.507
1.6757e-14,29.862,98.534
-4.6629e-15,24.678,99.875
1.2205e-14,23.053,101.3
-3.4417e-15,24.199,108.46
2.0643e-14,18.124,95.667
-2.5306e-14,25.187,85.932
-2.5553e-15,28.233,22.881
-4.1078e-15,22.039,31.501
-3.6656e-15,24.474,39.67
-7.6587e-15,24.639,48.761
-3.7766e-15,24.721,53.306
-5.8842e-15,17.942,50.716
1.1102e-16,15.583,67.699
-3.8858e-15,14.962,82.451
-2.4425e-15,18.19,64.352
-9.5461e-15,21.979,42.209
5.9915e-15,22.491,105.34
-1.2098e-14,25.996,95.524
-2.6642e-14,55.733,61.323
-3.2637e-14,80.293,7.855
-2.2649e-14,64.74,-65.198
-2.1871e-14,59.543,-22.642
-1.7837e-15,60.167,39.682
-1.6209e-14,59.433,55.242
2.5535e-15,-2.1842,82.542
3.1749e-14,-47.494,105.51
1.2768e-14,-28.019,93.792
-3.2966e-14,48.415,78.03
-2.4196e-14,28.947,69.143
1.7201e-14,3.657,40.488
-2.3751e-14,26.766,54.002
-2.4307e-14,23.38,42.403
-1.6979e-14,7.5818,32.79
1.92e-14,0.46566,32.626
1.4537e-14,12.009,31.756
1.1102e-15,-0.23137,22.225
3.6637e-15,-8.4411,24.794
7.9936e-15,-20.853,26.78
2.8192e-14,-27.692,34.897
6.7724e-15,-18.868,38.184
-1.1317e-14,-11.16,28.95
5.107e-15,-16.419,5.1384
-1.0429e-14,-21.229,-21.908
2.464e-14,-23.701,-4.1163
2.8081e-14,-28.845,48.339
2.7082e-14,-30.051,51.881
1.6764e-14,-37.203,77.678
1.7534e-14,6.1379,79.164
-2.5861e-14,41.411,77.057
-1.3545e-14,46.985,83.189
-2.5417e-14,40.843,101.71
8.9855e-15,29.525,100.96
-5.3291e-15,22.94,102.11
-1.4433e-15,21.008,100.6
1.2982e-14,14.737,84.068
1.8311e-14,6.2272,63.102
-3.3325e-15,28.038,19.145
-2.5553e-15,28.233,22.881
-2.3333e-15,23.747,34.623
-7.6587e-15,17.635,47.788
-2.7774e-15,24.526,49.569
-4.7721e-15,18.699,50.409
1.4433e-15,14.856,62.652
-2.4407e-15,10.984,80.25
5.1052e-15,13.621,71.548
-1.21e-14,24.586,38.861
-7.6569e-15,30.251,106.01
2.2168e-15,36.783,94.961
-2.0202e-14,62.4,64.722
-3.3747e-14,80.736,25.228
-3.3525e-14,66.021,-43.587
-1.7431e-14,48.389,-14.299
-1.044e-14,52.159,25.38
-1.4655e-14,50.018,61.353
4.4409e-16,2.6557,104.24
2.3866e-14,-27.973,124.3
2.3862e-14,-10.761,92.892
3.3233e-15,48.161,85.001
-2.0088e-14,35.134,81.131
-4.3299e-15,16.931,57.994
-2.3751e-14,29.568,54.391
-4.1078e-15,16.436,30.722
1.2982e-14,15.821,24.867
1.4759e-14,10.218,24.088
-4.2188e-15,16.578,24.56
-1.8977e-14,12.068,21.048
1.1539e-14,15.289,23.556
1.3981e-14,11.424,20.546
1.6091e-14,2.4876,18.069
2.7756e-15,-5.6923,15.284
-1.054e-14,-13.872,12.499
2.4751e-14,-23.843,2.0465
2.3973e-14,-28.24,-2.2737
9.3259e-15,-28.584,20.76
-4.4336e-15,-24.672,54.277
2.4862e-14,-12.568,49.363
-1.0984e-14,1.1262,68.988
-7.6605e-15,36.258,73.044
5.9879e-15,50.91,75.491
2.6572e-15,40.82,86.455
-1.4433e-15,30.813,101.96
4.7703e-15,28.573,97.531
4.1042e-15,26.835,99.762
6.7687e-15,28.183,90.058
-1.2212e-15,20.512,73.33
1.2986e-14,-15.504,34.529
-1.321e-14,29.02,17.22
-1.1322e-14,26.076,22.994
-2.2388e-16,21.814,33.118
-9.5461e-15,17.777,41.625
-1.4451e-15,22.399,44.328
-2.1094e-15,20.459,63.43
5.5328e-16,16.617,75.674
1.3648e-14,9.4713,80.864
5.218e-15,8.9692,74.199
-2.2388e-16,21.92,52.917
-1.665e-14,40.199,101.21
-2.0424e-14,51.689,90.437
-1.0773e-14,71.112,68.817
-1.2549e-14,76.609,49.797
-2.2938e-16,51.941,6.39
-2.4529e-14,34.87,31.634
1.3537e-14,22.115,56.653
-1.2768e-14,49.876,67.516
3.438e-15,20.895,101.41
6.1062e-15,5.0309,123.11
-8.5487e-15,35.015,102.55
-2.7859e-14,46.004,85.114
-2.5861e-14,35.808,76.279
-1.0984e-14,6.7293,69.767
-2.1198e-14,14.354,55.988
-2.4973e-14,23.043,44.83
-7.2164e-15,25.567,36.937
1.0318e-14,24.279,35.933
-1.9977e-14,13.664,24.979
-5.4401e-15,24.166,36.742
-2.3307e-14,31.59,39.834
7.8752e-15,37.949,40.305
-1.2323e-14,37.784,31.215
-6.4393e-15,21.454,20.291
1.5536e-14,4.7572,17.147
3.3307e-15,-6.5084,26.299
2.1753e-14,-10.546,34.806
5.7732e-15,-10.268,43.088
1.6424e-14,-0.63459,55.967
1.2538e-14,19.508,60.001
-3.0635e-14,41.891,68.468
-1.8208e-14,59.823,62.715
4.7666e-15,54.19,67.291
5.5474e-15,34.266,82.247
-1.4651e-14,31.404,92.566
-1.7205e-14,34.011,89.218
-1.3985e-14,34.543,90.529
-3.2196e-15,26.505,81.581
-1.2764e-14,19.845,57.575
1.6317e-14,-25.078,10.943
-1.2546e-14,39.469,19.084
-7.6605e-15,26.241,32.084
-9.9902e-15,21.252,37.162
-7.1054e-15,21.223,42.516
-5.5695e-16,21.051,54.033
6.643e-16,20.572,62.622
-3.7748e-15,17.516,69.204
-8.2138e-15,10.258,75.203
7.6587e-15,8.2126,74.507
-9.4351e-15,19.141,67.781
-2.1646e-14,46.565,81.07
-2.4199e-14,60.378,79.279
-1.6986e-14,70.55,72.861
-3.3414e-14,80.415,63.515
-3.3632e-14,56.272,42.026
-2.6305e-14,39.178,52.017
-2.4425e-15,15.388,63.962
4.7666e-15,40.183,65.345
-1.6313e-14,11.037,90.149
-1.2176e-15,4.7006,104.93
-2.3418e-14,34.85,93.457
1.4981e-14,15.748,76.79
-4.1078e-15,19.449,70.709
1.8644e-14,1.493,61.208
1.7756e-14,9.8448,52.476
-9.1038e-15,37.021,52.129
-2.7193e-14,39.125,42.117
-1.4544e-14,44.167,46.939
-2.6194e-14,36.129,37.992
-2.7526e-14,49.463,44.79
-2.7859e-14,48.594,45.905
-5.6245e-16,54.085,47.492
-1.6764e-14,58.849,44.032
2.4352e-15,52.099,36.088
5.9879e-15,40.893,34.532
6.876e-15,28.339,42.68
-2.2086e-14,21.305,47.061
-5.8842e-15,17.942,50.716
1.2871e-14,21.778,59.08
-2.575e-14,38.362,63.032
2.2131e-15,58.198,64.138
-3.8295e-14,70.722,61.344
-2.2093e-14,67.359,64.998
-1.5432e-14,54.131,77.999
-1.6098e-14,56.595,80.814
-1.2879e-14,48.723,80.958
-9.6589e-15,39.449,80.906
-2.4425e-15,20.991,64.741
8.101e-15,3.4323,42.106
8.5487e-15,-24.629,7.7076
-7.6624e-15,40.45,17.159
-1.5541e-14,34.144,26.587
-6.6613e-15,27.447,28.542
-5.4401e-15,22.766,36.548
1.6635e-15,16.175,58.301
1.1102e-16,11.381,67.115
1.2194e-15,11.351,72.469
3.1068e-15,9.8083,78.438
3.1068e-15,7.0068,78.049
-3.2196e-15,15.299,80.025
-1.9647e-14,47.576,73.791
-1.4766e-14,62.872,76.74
-3.0305e-14,72.79,77.294
-1.1106e-14,82.85,71.684
-2.0872e-14,71.082,74.171
-2.575e-14,48.168,64.394
-1.8874e-15,11.771,74.589
2.0088e-14,13.337,83.874
1.8755e-14,12.663,88.726
-1.3759e-14,14.034,94.275
1.9422e-14,8.7973,85.716
-2.2204e-16,7.7105,67.842
-1.4204e-14,6.1974,68.456
-2.1094e-15,10.654,62.068
5.7658e-15,37.186,61.22
-2.5639e-14,47.92,50.758
-1.843e-14,50.302,49.028
-2.2938e-16,47.95,45.404
-3.1079e-14,57.867,45.957
-1.9984e-14,58.317,42.722
-3.7821e-15,57.755,46.766
-1.843e-14,55.905,49.806
-1.2286e-15,57.95,50.502
-2.1316e-14,60.444,47.964
-3.1079e-14,57.867,45.957
-2.8192e-14,50.526,47.41
-1.2657e-14,44.025,53.102
3.5454e-15,43.463,57.146
2.2131e-15,49.793,62.971
2.2131e-15,59.598,64.333
-3.5076e-14,65.651,61.876
-6.7797e-15,77.95,60.699
-6.7797e-15,80.752,61.088
-3.5742e-14,79.321,66.248
-3.5742e-14,76.52,65.859
-2.2201e-14,52.984,70.833
-1.1876e-14,32.505,69.225
6.4356e-15,7.4925,48.852
1.4096e-14,-20.149,16.573
-1.7727e-15,-21.573,1.1253
-9.1584e-15,22.719,6.0408
-1.2267e-14,30.45,12.061
-9.3259e-15,31.596,19.227
-2.7774e-15,28.623,30.354
1.7745e-15,17.328,44.86
-2.1094e-15,9.2533,61.874
7.6587e-15,11.014,74.896
-1.1095e-14,12.58,84.181
2.5535e-15,10.423,84.293
5.8768e-15,11.936,83.679
-5.7732e-15,34.715,79.012
-2.2867e-14,61.052,74.427
-5.9989e-15,58.026,75.655
-5.3327e-15,51.359,72.256
-1.0214e-14,44.467,70.474
-9.881e-15,32.729,67.608
1.1987e-14,15.719,82.144
5.5511e-16,5.2095,90.988
-6.2136e-15,1.2616,83.433
1.7534e-14,3.3363,78.775
5.218e-15,0.56457,73.032
2.6645e-15,-3.8326,68.712
-1.4204e-14,-3.608,67.094
1.2205e-14,22.841,61.7
-1.299e-14,50.16,55.191
-2.2938e-16,52.152,45.987
-1.199e-14,49.965,51.454
1.658e-15,47.808,51.567
-1.2286e-15,62.152,51.086
-1.3878e-14,64.115,47.237
-4.7813e-15,60.751,50.891
-2.6305e-14,55.987,54.351
-1.9429e-14,56.1,53.543
5.5438e-15,52.879,51.034
1.658e-15,57.613,52.928
-1.4877e-14,61.508,50.584
-1.521e-14,66.242,52.478
-2.5535e-14,79.718,53.114
-4.1071e-14,96.025,48.784
-3.9739e-14,93.897,43.542
-1.3108e-14,90.647,46.388
-8.334e-15,90.168,54.977
-2.2982e-14,78.512,56.656
-2.9861e-14,62.205,60.985
-1.2101e-14,43.209,64.117
3.105e-15,28.22,64.096
-6.6613e-16,11.08,43.58
2.4425e-15,-6.5612,16.4
4.3299e-15,-13.813,1.791
1.2653e-14,-15.184,-3.7576
-4.3299e-15,12.412,-1.9855
-7.1054e-15,23.813,3.3075
-1.0491e-14,31.851,12.255
-1.4542e-14,32.548,22.656
-1.2988e-14,27.335,29.351
-1.9984e-15,16.009,49.211
5.7713e-15,8.3547,68.344
-1.0429e-14,7.314,80.976
1.165e-14,7.0596,87.948
-1.9984e-15,6.4153,87.446
-6.2136e-15,22.273,86.351
-1.6764e-14,53.457,82.852
-2.2978e-14,54.296,87.09
-1.4877e-14,43.509,87.652
5.5474e-15,34.266,82.247
-1.5206e-14,32.221,81.551
-1.0765e-14,25.27,90.477
-5.218e-15,12.887,87.109
-4.8813e-15,-2.2667,77.997
-1.165e-14,-3.4131,70.831
1.9533e-14,2.9465,71.302
-6.7687e-15,2.0777,72.418
-1.8089e-14,3.9278,69.378
-2.4751e-14,31.163,58.322
-2.8858e-14,48.789,49.642
-5.6245e-16,58.287,48.076
-8.9552e-16,56.017,48.997
1.9911e-15,58.482,51.813
-2.0983e-14,58.512,46.459
-3.1745e-14,60.332,48.772
-3.3077e-14,58.257,53.43
-1.2657e-14,53.83,54.464
1.658e-15,54.811,52.539
-1.5876e-14,54.699,53.348
-1.2323e-14,58.901,53.932
-1.4877e-14,64.309,50.973
-3.1745e-14,65.935,49.551
-3.7185e-14,68.879,43.777
-7.845e-16,73.979,37.891
-3.9406e-14,75.156,39.703
-3.449e-15,75.433,47.985
-1.9429e-14,63.104,54.515
-1.843e-14,50.302,49.028
-2.0424e-14,44.474,49.867
-5.5511e-15,30.017,51.156
-3.5527e-15,18.421,42.127
6.6613e-16,-0.95816,17.178
2.7756e-15,-9.2735,-0.051545
7.7716e-16,-2.6594,-6.5519
-9.9883e-15,6.0524,-2.4567
-4.1078e-15,12.749,-4.4117
-4.4409e-15,15.408,2.1402
-6.7724e-15,21.88,1.8026
-1.0602e-14,29.191,5.7032
-1.6429e-14,36.892,17.077
-7.9936e-15,28.174,33.589
-3.6637e-15,13.066,54.984
-3.6619e-15,8.6619,71.272
1.3648e-14,8.0705,80.669
1.2316e-14,4.595,85.133
1.2212e-15,13.951,89.729
-1.0765e-14,33.674,91.645
-1.299e-14,50.371,94.788
-2.5642e-14,58.551,97.573
-2.1757e-14,53.817,95.679
-1.7871e-14,44.88,93.201
-9.1038e-15,27.427,90.365
-8.7671e-15,9.4713,80.864
-7.4348e-15,3.1414,75.039
9.4332e-15,4.3176,76.851
-4.2152e-15,6.4749,76.738
7.5458e-15,14.265,72.05
-3.1086e-15,20.654,67.167
6.765e-15,35.59,57.289
-1.843e-14,53.103,49.417
-3.1745e-14,56.13,48.189
3.6564e-15,48.819,44.288
-2.7526e-14,41.058,43.622
-1.3878e-14,41.702,44.124
-1.4544e-14,42.766,46.745
5.2107e-15,42.204,50.788
-8.7708e-15,37.89,51.013
-8.1046e-15,38.227,48.587
-1.1324e-14,36.294,47.082
1.0429e-14,32.541,43.264
6.543e-15,38.676,45.352
-1.7538e-14,51.141,53.266
-2.8529e-14,60.077,55.744
-2.1316e-14,60.444,47.964
-5.1107e-15,56.467,45.762
-1.891e-15,52.796,46.489
-8.1046e-15,38.227,48.587
-1.0991e-14,38.564,46.161
-2.1979e-14,37.08,41.421
-3.4417e-15,16.773,28.296
-8.8781e-15,5.0942,14.721
6.1026e-15,6.3596,0.47116
8.545e-15,-1.1761,-1.812
5.8842e-15,-19.079,-1.4135
1.5873e-14,-24.404,6.0902
-3.2196e-15,10.674,0.24611
-5.7167e-15,11.655,-1.6784
-4.885e-15,14.682,-2.9068
-7.1054e-15,21.011,2.9184
-1.1268e-14,30.255,8.324
-1.321e-14,29.02,17.22
-9.324e-15,18.788,34.346
-3.3307e-15,13.935,53.869
2.6645e-15,11.576,70.852
0,8.8271,80.362
1.8874e-15,8.685,86.525
-9.8736e-15,16.303,93.353
2.2168e-15,33.981,94.572
-1.6209e-14,52.641,93.867
-6.776e-15,60.738,92.106
-1.5543e-14,54.378,91.635
3.294e-16,32.723,88.215
-4.2152e-15,14.879,77.906
1.0099e-14,11.658,75.397
-8.101e-15,14.011,79.021
6.8797e-15,16.73,74.865
-3.4417e-15,23.988,68.866
5.5144e-16,37.83,61.721
-1.3989e-14,47.553,58.538
-1.199e-14,52.766,51.843
-2.8858e-14,48.789,49.642
5.5438e-15,41.673,49.478
-8.4377e-15,31.755,48.925
-4.5519e-15,28.421,47.225
-2.142e-14,25.845,45.219
-1.3319e-14,24.863,47.143
3.549e-15,23.238,48.566
2.5498e-15,27.635,52.886
-1.6317e-14,35.253,59.715
-1.3763e-14,39.651,64.035
-4.0005e-15,46.43,66.625
-1.7653e-14,57.606,73.536
-2.32e-14,62.985,75.932
-1.0773e-14,59.906,67.261
-2.209e-14,51.336,57.003
-7.4385e-15,32.961,45.383
-1.2431e-14,13.604,35.687
-1.2875e-14,15.679,31.029
-1.7764e-15,8.5102,20.966
8.323e-15,0.08257,4.5453
2.1094e-15,-6.135,-2.0886
8.8781e-15,-2.2399,-4.4328
4.996e-15,-14.877,-0.82979
1.1879e-14,-34.097,3.9195
2.6682e-15,-34.18,-0.62579
-1.3887e-15,12.884,10.033
-2.9976e-15,10.337,2.6723
-2.8866e-15,8.7416,-1.2588
-7.2256e-16,11.094,2.3652
-4.885e-15,16.135,7.1871
-7.3275e-15,21.401,10.392
-9.9902e-15,23.948,17.752
8.8634e-16,18.676,35.155
2.3296e-15,12.309,55.291
2.2186e-15,11.156,68.733
6.3264e-15,7.5386,79.359
1.3537e-14,4.1159,93.722
9.6516e-15,11.652,96.005
-3.5564e-15,36.056,89.915
-2.1316e-14,56.453,86.977
-1.3545e-14,55.389,84.357
-2.2241e-15,40.932,85.646
-6.4393e-15,32.977,81.244
-8.9185e-16,34.603,79.821
-9.6589e-15,36.648,80.517
-9.6589e-15,36.648,80.517
-2.0313e-14,45.838,76.023
-1.7319e-14,58.475,72.42
-2.4754e-14,62.595,68.458
-9.4406e-15,57.778,62.019
-2.7974e-14,57.861,66.564
-2.1868e-14,53.853,69.717
-1.2768e-14,45.673,66.932
-1.5317e-14,29.455,55.2
-1.4651e-14,26.991,52.385
-1.1768e-14,39.875,62.418
-1.8315e-14,42.647,68.161
1.1066e-15,44.018,73.709
-2.098e-14,52.505,79.422
-1.6764e-14,61.861,84.019
-1.6764e-14,66.064,84.603
-1.2212e-14,64.468,80.671
-2.3533e-14,60.715,76.853
-2.2867e-14,54.048,73.454
-6.9944e-15,47.801,72.174
-1.1099e-14,15.785,50.828
1.5095e-14,-18.943,13.031
1.6206e-14,-22.188,-4.7304
9.881e-15,-29.611,-7.8224
1.2879e-14,-40.001,-20.394
1.2101e-14,-38.795,-23.936
1.3989e-14,-50.143,-19.33
2.6198e-14,-58.945,-7.3628
1.4211e-14,-42.023,-5.8368
-5.3254e-15,-10.525,-27.016
-1.4433e-15,9.3791,19.85
-9.992e-16,5.8508,14.414
-3.9404e-15,6.7792,2.5903
-1.2212e-15,3.6704,-0.7267
-4.6065e-15,7.8429,5.211
-3.2761e-15,19.356,9.6954
-6.5503e-15,24.398,14.517
-1.8349e-18,24.226,26.034
-9.5461e-15,17.777,41.625
-3.6637e-15,13.066,54.984
-3.6619e-15,5.8604,70.882
5.7732e-15,1.1493,84.242
1.487e-14,3.3892,88.675
-1.4981e-14,22.917,86.853
-8.9185e-16,47.209,81.572
-1.5432e-14,56.932,78.388
-1.7094e-14,57.576,78.89
-9.5516e-15,60.827,76.044
-9.5516e-15,60.827,76.044
-8.9928e-15,50.992,80.036
-1.3545e-14,46.985,83.189
-2.8085e-14,58.108,80.2
-1.8652e-14,60.603,77.662
-1.8652e-14,59.202,77.467
-2.2867e-14,56.85,73.843
-3.4454e-15,59.621,79.586
-1.9318e-14,56.063,79.504
-7.8083e-16,41.359,67.157
-6.5503e-15,27.41,54.504
-3.3343e-15,38.362,63.032
-1.8652e-14,60.603,77.662
-3.1305e-14,67.382,80.252
-1.8652e-14,66.206,78.44
-2.1871e-14,61.471,76.546
-1.0551e-14,55.419,79.002
-7.3311e-15,54.55,80.118
-1.4766e-14,53.067,75.378
-5.3327e-15,54.16,72.645
-1.2438e-14,55.561,72.84
-1.5321e-14,45.478,63.196
-2.4425e-15,8.1732,23.392
1.5539e-14,-31.035,-23.27
6.698e-16,-35.402,-32.945
8.2193e-15,-48.683,-29.843
2.7308e-14,-64.99,-25.514
2.4199e-14,-52.952,0.88858
2.9084e-14,-64.885,-5.7149
1.7878e-14,-82.107,-30.776
1.9425e-14,-42.878,-45.936
-1.6983e-14,13.271,-59.57
-5.6429e-17,8.7349,19.349
1.6089e-15,4.6747,12.602
-9.4461e-16,11.484,9.8384
-4.6065e-15,7.8429,5.211
-1.1667e-15,9.693,2.1707
-3.3307e-15,11.596,9.0296
-7.3821e-15,15.768,14.967
-6.4393e-15,22.855,20.485
-4.4409e-15,22.571,32.811
7.7532e-16,14.721,48.207
6.4375e-15,4.4894,65.334
6.9926e-15,5.0741,76.544
3.2196e-15,5.1567,81.089
-7.2091e-15,16.25,83.454
-3.3325e-15,31.157,78.93
-1.1213e-14,44.662,74.211
-2.1535e-14,58.924,69.185
-3.1194e-14,71.336,67.2
-2.3093e-14,67.554,68.735
-4.6666e-15,60.1,70.997
-1.4433e-14,58.138,74.846
-2.1205e-14,63.209,74.314
-2.6087e-14,60.52,73.116
-1.6986e-14,66.348,72.277
-2.1538e-14,65.142,75.819
-1.41e-14,61.808,74.12
-2.1535e-14,50.52,68.018
-6.698e-16,28.504,51.771
-1.8204e-14,31.193,52.968
-1.3434e-14,50.939,70.137
-1.4766e-14,57.269,75.962
-8.8855e-15,59.764,73.423
-1.632e-14,65.284,69.656
-1.0773e-14,66.909,68.233
-1.1106e-14,68.842,69.738
-2.4421e-14,69.067,68.121
-1.7208e-14,62.43,59.368
-3.5564e-15,51.253,52.457
-1.3985e-14,34.332,50.931
-7.8789e-15,2.2034,30.394
2.1535e-14,-38.997,-7.0652
2.1427e-14,-71.687,-23.559
2.2319e-14,-83.455,-21.071
3.408e-14,-92.474,-28.094
1.0329e-14,-56.113,-12.328
5.5511e-16,2.0911,31.203
2.4407e-15,5.9103,3.7061
-1.0325e-14,24.471,-37.406
-2.1868e-14,39.212,-51.021
-2.3311e-14,49.992,-30.976
-8.6033e-15,21.798,-2.7427
-1.8328e-15,15.686,10.422
-5.4401e-15,17.057,15.971
-2.943e-15,18.824,8.385
-4.1643e-15,20.704,-0.0094343
-5.7167e-15,13.109,8.4155
-7.5477e-15,11.678,13.575
2.2021e-16,15.431,17.394
-3.5527e-15,16.915,22.133
-1.2212e-15,10.496,32.37
5.5511e-16,2.1967,51.002
-2.9958e-15,7.5982,68.651
3.1068e-15,7.0068,78.049
9.7626e-15,5.8009,81.591
3.1068e-15,12.61,78.827
-1.6672e-15,24.295,71.794
-6.4411e-15,35.98,64.762
-2.6682e-15,47.104,61.773
-9.7736e-15,51.306,62.357
-2.3755e-14,51.194,63.165
-9.4406e-15,57.778,62.019
-2.209e-14,66.744,59.143
-9.1075e-15,60.048,61.098
-5.8879e-15,66.183,63.186
-2.3755e-14,68.003,65.5
-2.3422e-14,61.868,63.411
-1.3323e-14,45.089,55.723
-9.1038e-15,34.219,51.74
-1.9203e-14,42.594,58.261
-7.8863e-15,56.767,69.298
-8.5524e-15,55.029,71.529
-9.881e-15,49.539,69.942
-9.881e-15,49.539,69.942
-2.32e-14,48.977,73.986
-1.4429e-14,35.111,65.878
-7.8789e-15,13.515,51.749
-5.8805e-15,-3.6838,41.942
1.8204e-14,-32.172,26.032
1.0107e-14,-62.622,13.971
3.3525e-14,-81.641,1.8498
1.8988e-14,-86.54,-9.1349
1.7767e-14,-84.66,-17.529
2.9199e-14,-92.361,-28.903
3.4417e-14,-96.422,-35.65
4.6666e-15,-52.885,-30.427
-2.3091e-14,61.326,5.6328
-2.6201e-14,71.955,-24.628
-2.5539e-14,96.719,-17.891
-3.1756e-14,121.99,-4.4894
-4.1855e-14,123.36,1.0592
-2.52e-14,63.154,-12.661
-1.4043e-14,33.146,-7.349
-3.1651e-15,19.161,5.9588
-8.9364e-15,22.435,18.366
-7.2164e-15,25.462,17.138
-7.6059e-15,28.914,-2.5786
-6.1627e-15,25.244,-1.852
-4.6629e-15,14.45,19.318
-1.3323e-15,7.8362,25.818
-5.6603e-15,5.9333,18.959
-1.6653e-15,8.3153,17.229
1.2758e-15,3.9114,33.517
-6.7705e-15,6.4816,56.131
-1.6635e-15,6.8714,63.604
1.2194e-15,8.5496,72.08
1.9984e-15,15.441,73.862
-5.8823e-15,17.741,67.587
-7.7697e-15,19.283,61.618
-9.6571e-15,23.628,56.039
-4.3299e-15,23.935,58.967
-8.2157e-15,30.07,61.056
-8.7689e-15,32.085,67.106
-1.5321e-14,42.677,62.807
-1.1435e-14,47.748,62.275
-4.0005e-15,47.831,66.82
-4.6666e-15,43.291,68.662
-1.1543e-14,33.374,68.109
-1.088e-14,39.928,72.317
-1.5761e-14,42.842,71.897
-2.1535e-14,47.718,67.629
-6.3283e-15,46.737,69.553
-2.1535e-14,42.115,66.85
-1.3763e-14,32.647,63.062
2.8829e-15,21.5,50.798
8.9185e-16,-21.468,20.924
7.3311e-15,-52.727,-0.72888
1.2549e-14,-59.589,-7.8645
1.3881e-14,-74.323,-14.857
3.7855e-14,-92.758,-15.769
2.8422e-14,-96.653,-13.425
2.4873e-14,-91.664,-18.502
2.1764e-14,-91.043,-33.254
2.5535e-14,-76.916,-52.724
7.8083e-16,-45.561,-67.741
1.5506e-15,-0.81899,-66.061
-2.8092e-14,102.13,-20.849
-4.9845e-14,115.69,-15.669
-2.5206e-14,89.183,-20.174
-3.5416e-14,104.81,0.95612
-2.2208e-14,112.62,11.521
