-3.0309e-15,25.386,8.0147
-5.2514e-15,8.1502,-8.1389
7.9159e-15,-11.52,-16.123
9.6923e-15,-8.7185,-16.512
6.5837e-15,-22.868,-20.729
-1.5021e-14,-45.7,-15.497
-5.2177e-16,-36.982,1.0149
-1.6798e-14,-28.323,6.8191
-1.6798e-14,-35.326,7.7919
-1.3323e-14,-48.016,14.088
-1.5543e-14,-43.724,29.567
-3.012e-14,-61.036,38.566
-3.1009e-14,-71.905,42.549
-8.5154e-15,-50.811,35.085
-8.6986e-15,-37.028,31.522
-1.4838e-14,-40.705,10.188
-1.1491e-15,-34.884,-9.5806
-9.3259e-15,-59.827,-34.968
-4.9627e-15,-107.71,-55.932
-2.035e-14,-130.1,-68.072
-1.7242e-14,-129.23,-66.956
-2.9232e-14,-128.03,-63.414
-2.9232e-14,-139.23,-61.858
-7.1831e-15,-153.74,-53.248
-2.1316e-14,-152.26,-57.988
-2.7534e-14,-146.99,-61.192
-1.6875e-14,-147.05,-51.293
-1.5621e-14,-145.59,-40.779
-3.5083e-14,-147.69,-30.184
-4.5664e-14,-151.75,-44.045
-1.3323e-14,-130.08,-83.326
-9.1705e-15,-88.655,-119.17
-1.9385e-14,-81.12,-121.45
-4.4409e-16,-76.888,-116.68
2.3825e-14,-64.978,-108.03
2.0717e-14,-74.251,-107.98
1.0503e-14,-82.124,-108.12
-9.6146e-15,-54.326,-93.023
1.813e-14,16.122,-48.402
1.8208e-14,74.773,-11.622
2.3459e-14,87.918,5.9239
2.3459e-14,79.566,-2.8081
2.7456e-14,66.249,-31.871
8.0713e-15,43.328,-42.701
2.3459e-14,30.856,-55.395
4.9627e-15,18.751,-60.308
4.603e-14,70.454,-109.53
4.8694e-14,72.245,-117.2
2.3537e-14,49.36,-102.07
6.6613e-15,-15.676,-46.046
1.3323e-15,-5.3554,-12.858
8.8041e-15,-6.254,-19.328
2.6645e-15,-10.711,-25.715
1.3323e-15,-10.906,-21.979
7.0277e-15,-16.786,-12.919
-5.3291e-15,-30.764,-5.619
-1.591e-14,-32.862,4.9765
-5.8508e-15,-44.712,7.0347
-3.6304e-15,-42.106,10.382
-1.5726e-14,-33.417,21.54
-1.5099e-14,-52.945,19.719
-1.2879e-14,-55.941,23.845
-2.5235e-14,-47.56,37.931
-1.9906e-14,-26.496,25.113
8.1049e-16,-17.334,24.253
-7.5495e-15,-22.997,14.323
-1.9018e-14,-61.588,-21.946
-1.6875e-14,-110.63,-56.351
-2.035e-14,-134.31,-67.489
-2.3459e-14,-135.17,-68.604
-2.3903e-14,-139.96,-56.811
-3.989e-14,-153.3,-50.013
-3.4117e-14,-150.74,-36.766
-2.5391e-14,-151.58,-32.528
-1.6509e-14,-150.85,-37.575
-1.6875e-14,-152.65,-50.515
-2.5313e-14,-152.79,-56.677
-2.0872e-14,-141.98,-50.761
-2.8788e-14,-137.46,-33.665
-2.6568e-14,-150.26,-28.177
-1.6875e-14,-152.65,-50.515
-9.4036e-15,-131.03,-79.896
9.6923e-15,-111.12,-106.16
-1.9829e-14,-82.999,-129.85
3.5527e-15,-74.955,-118.19
3.5527e-15,-73.554,-118.38
1.8496e-14,-75.457,-111.52
3.9968e-15,-71.78,-90.187
-1.0947e-14,-62.979,-78.22
-1.0503e-14,-51.294,-71.187
0,-62.612,-70.44
1.6354e-14,7.0432,-52.087
2.6124e-14,50.698,-35.894
5.4068e-15,45.013,-30.57
7.6272e-15,48.399,-42.169
6.739e-15,46.04,-59.152
5.1803e-14,78.611,-97.062
4.7362e-14,77.6,-104.34
3.1974e-14,71.914,-99.017
8.4377e-15,18.51,-26.065
-1.7764e-15,-19.505,-17.075
9.6923e-15,-5.917,-16.901
-1.3323e-15,-15.498,-13.922
-1.1469e-14,-23.288,-18.61
-7.9159e-15,-16.284,-19.583
-1.3323e-15,-10.479,-3.4905
-1.6354e-14,-25.716,10.167
-1.3323e-14,-38.263,22.626
-1.9018e-14,-35.964,28.901
-1.4655e-14,-42.66,26.946
-2.5679e-14,-62.668,16.535
-1.2879e-14,-43.334,22.094
-1.3323e-14,-42.466,23.209
-1.3323e-14,-39.664,22.82
-4.9627e-15,-24.196,31.388
-1.6798e-14,-24.279,35.933
-9.8476e-15,-97.02,5.6444
-3.1453e-14,-139.25,-25.997
-1.8285e-14,-147.27,-52.91
-1.2512e-14,-143.21,-59.657
-1.2068e-14,-145.53,-50.679
-3.8558e-14,-154.55,-43.656
-3.0198e-14,-151.69,-33.337
-2.5391e-14,-151.58,-32.528
-4.0334e-14,-149.68,-39.387
-2.4869e-14,-149.51,-48.477
-4.4775e-14,-156.29,-45.887
-1.2956e-14,-152.2,-47.28
-2.9232e-14,-144.94,-41.281
-2.1394e-14,-148.25,-34.227
-2.8422e-14,-159.37,-37.216
-4.0745e-15,-159.88,-51.159
-8.0713e-15,-143.5,-71.982
-5.7732e-15,-111.29,-97.065
1.6276e-14,-75.262,-115.26
-1.2723e-14,-77.502,-110.82
1.1835e-14,-74.978,-102.93
2.6645e-15,-66.319,-97.128
-1.4055e-14,-70.746,-98.162
-1.4055e-14,-76.349,-97.383
-8.8818e-16,-84.476,-104.5
6.6613e-15,-64.386,-98.633
-1.0947e-14,-44.769,-80.749
3.5527e-15,-23.443,-65.988
2.9599e-14,17.156,-56.377
2.4869e-14,74.557,-69.708
5.3579e-14,114.15,-67.375
2.5024e-14,116.69,-74.736
2.9754e-14,107.02,-87.819
2.2571e-14,40.219,-39.384
7.0277e-15,-13.311,-8.4554
3.9191e-15,-25.049,-5.5885
-1.4577e-14,-29.139,-4.1961
-1.3689e-14,-26,-2.159
-1.1913e-14,-11.371,10.647
-1.6798e-14,-28.375,16.718
-1.9462e-14,-42.046,21.09
-1.4655e-14,-34.309,35.678
-1.3323e-14,-28.564,41.062
-1.6431e-14,-41.987,31.798
-5.8508e-15,-55.971,18.491
-1.6431e-14,-48.938,22.872
-4.0745e-15,-40.616,26.25
-3.1863e-15,-40.953,23.824
-3.1863e-15,-39.552,23.629
-2.3015e-14,-52.525,17.6
-2.7089e-14,-131.42,4.6528
-2.6201e-14,-156.98,5.7287
-3.1897e-14,-156.64,-12.453
-1.7764e-14,-153.71,-47.894
-2.176e-14,-154.14,-66.382
-1.3767e-14,-162.88,-67.641
-3.5894e-14,-156.86,-70.538
-7.7685e-17,-150.84,-73.436
-4.5664e-14,-155.85,-63.26
-3.8558e-14,-153.05,-63.649
-4.6552e-14,-151.31,-61.417
-4.5219e-14,-158.17,-54.282
-3.767e-14,-153.49,-46.276
-2.0428e-14,-133.09,-43.339
-3.1819e-14,-118.53,-61.848
-2.9232e-14,-146.24,-60.885
-3.5449e-14,-152.18,-62.533
-1.4655e-14,-140.13,-68.328
1.1835e-14,-100.19,-99.43
0,-89.015,-106.34
3.9968e-15,-78.678,-109.01
-1.0503e-14,-62.288,-109.23
1.7164e-14,-65.899,-99.247
-4.4409e-16,-68.589,-98.049
4.4409e-16,-68.926,-100.48
1.4055e-14,-66.768,-100.36
-1.0503e-14,-69.292,-108.26
1.9385e-14,-56.183,-116.67
1.1102e-14,-15.644,-117.77
4.3809e-14,32.934,-127.81
4.3365e-14,51.854,-99.528
1.2879e-14,22.481,-48.873
-3.9191e-15,0.38309,-28.081
-1.1913e-14,-25.221,-17.105
8.1049e-16,-45.138,-11.454
-1.4133e-14,-36.285,-9.3861
3.0309e-15,-23.311,-3.3569
2.5869e-15,-16.218,11.732
1.2546e-15,-7.0499,31.48
-3.1863e-15,-29.072,27.119
-1.6354e-14,-32.773,21.039
-1.7686e-14,-19.687,27.877
-7.5495e-15,-14.698,32.954
-1.5465e-14,-22.683,32.002
-1.8574e-14,-34.705,22.544
-7.5495e-15,-30.675,10.443
-9.6923e-15,-3.6407,4.6273
7.2498e-15,-4.9588,0.2766
-4.4409e-15,-25.835,-11.25
5.6955e-15,-44.785,-44.888
-2.3825e-14,-89.451,-68.36
2.5092e-15,-108.67,-52.502
-1.4211e-14,-107.54,-44.415
-1.0214e-14,-87.294,-68.248
-1.8052e-14,-75.48,-96.268
9.6146e-15,-95.794,-103.75
-8.4377e-15,-103.17,-110.56
-3.1863e-15,-103.87,-120.76
-7.5495e-15,-111.91,-111.82
3.664e-16,-119.33,-108.72
-9.3259e-15,-126.64,-104.82
-1.854e-15,-140.25,-89.744
2.1428e-15,-141.23,-71.061
-3.4484e-14,-120.32,-54.181
-1.3323e-15,-72.454,-95.039
8.8818e-16,-86.551,-109.16
2.1428e-15,-141.23,-71.061
-4.2999e-14,-159.77,-50.35
-3.0564e-14,-144.98,-67.242
-1.6875e-14,-127.33,-73.815
7.0277e-15,-115.82,-78.3
-3.1086e-15,-99.795,-86.296
1.6276e-14,-82.372,-94.486
2.2493e-14,-63.825,-94.589
1.9829e-14,-67.016,-86.727
-1.4055e-14,-61.046,-79.725
-1.2279e-14,-57.518,-85.161
-2.2204e-15,-59.51,-94.364
1.199e-14,-25.786,-118.83
2.4714e-14,-32.991,-134.73
5.6955e-15,-93.548,-87.575
-1.4655e-14,-117.88,-41.743
-3.3673e-14,-125.26,7.9182
-3.1009e-14,-116.57,19.076
-1.591e-14,-48.891,-7.635
-1.4133e-14,-21.656,3.4201
3.475e-15,-7.866,20.464
-9.6586e-16,-13.185,33.568
-1.813e-14,-21.672,39.281
-9.77e-15,-20.159,39.895
-8.8818e-15,-10.691,36.107
-1.41e-15,-7.4397,38.953
-1.7686e-14,-14.136,36.998
-1.854e-15,-28.93,33.282
-1.199e-14,-34.593,23.352
-3.1086e-15,-5.124,9.3672
7.7685e-17,23.274,-22.605
1.41e-15,22.848,-41.093
8.8818e-15,-0.40993,-54.349
2.2493e-14,-24.709,-80.238
2.2049e-14,-36.288,-107.07
5.7732e-15,-52.843,-97.763
3.1086e-15,-56.034,-89.901
1.3767e-14,-29.367,-103.5
3.5372e-14,-17.636,-126.97
2.3093e-14,-26.549,-139.75
2.8199e-15,-36.526,-149.9
3.264e-15,-42.946,-160.14
1.4655e-14,-48.998,-162.6
6.6613e-15,-59.867,-158.61
-1.2723e-14,-67.485,-151.78
1.1102e-14,-72.864,-149.39
5.7732e-15,-72.243,-134.64
-1.3611e-14,-70.161,-109.37
3.0487e-14,-40.243,-120.12
7.7049e-15,-29.328,-154.61
9.6923e-15,-104.12,-107.13
-2.9754e-14,-158.01,-63.372
-3.8114e-14,-174.98,-51.947
-4.6996e-14,-167.3,-48.067
-1.3844e-14,-158.87,-43.881
-1.6065e-14,-136.26,-50.73
-7.5495e-15,-93.908,-74.748
-1.3611e-14,-64.664,-90.351
2.2204e-15,-55.697,-87.475
1.8496e-14,-57.458,-74.453
1.1391e-14,-53.256,-75.036
-3.1086e-15,-52.275,-73.112
4.2855e-15,-87.033,-40.669
-1.3767e-14,-101.41,-46.504
-3.9002e-14,-152.34,-32.835
-4.3443e-14,-168.76,-37.973
-3.2863e-14,-173.09,-22.945
-1.7397e-14,-175.84,-11.848
7.4718e-15,12.277,16.43
-5.3291e-15,-9.911,21.161
-1.8574e-14,-32.63,27.201
-1.9906e-14,-27.949,35.207
-2.7422e-15,-25.845,45.219
-2.0795e-14,-19.313,56.264
-2.2981e-15,9.6008,58.843
-1.5465e-14,12.231,46.937
1.2546e-15,-9.1247,26.822
-1.41e-15,-22.743,21.294
-1.6798e-14,-6.0687,33.404
-1.2357e-14,-2.8246,15.643
-3.475e-15,7.866,-20.464
1.2879e-14,9.9273,-57.021
-7.8382e-15,-7.48,-84.692
8.4377e-15,-32.948,-88.161
9.77e-15,-31.3,-101.99
-7.3281e-16,-25.584,-101.96
-4.2855e-15,-27.038,-91.867
3.9968e-15,-36.761,-95.051
-7.8382e-15,-35.284,-120.4
1.0214e-14,-25.006,-133.78
4.0701e-14,-23.86,-140.94
7.7049e-15,-22.324,-155.58
3.7081e-15,-25.552,-173.68
2.3093e-14,-27.739,-179.15
1.9984e-14,-27.207,-180.46
3.9369e-14,-23.791,-186.7
3.626e-14,-20.457,-188.4
4.2033e-14,-19.304,-174.96
7.2608e-15,-15.905,-145.35
3.8036e-14,-21.343,-153.66
-3.3973e-15,-45.268,-151.16
7.1054e-15,-83.307,-126.92
4.3632e-15,-100.59,-112.56
3.0309e-15,-106.44,-98.15
2.1428e-15,-118.81,-74.174
-1.7841e-14,-139.79,-45.294
-1.34e-14,-124.72,-49.86
-1.7164e-14,-81.526,-78.117
1.45e-14,-63.488,-92.163
-1.3323e-15,-58.446,-96.985
2.5602e-14,-48.948,-95.419
-2.3381e-14,-80.568,-60.939
-3.5449e-14,-141.29,-4.6934
-1.8285e-14,-139.18,5.3185
-1.5177e-14,-141.01,-12.975
-3.0564e-14,-145.19,-27.645
-2.3093e-14,-153.09,-33.142
-3.5527e-14,-158.08,-17.612
1.2546e-15,-21.289,11.2
-2.2981e-15,-32.158,15.183
-9.77e-15,-25.709,30.774
-1.1102e-14,-14.751,42.853
-1.1546e-14,-19.485,44.747
-1.9018e-14,-6.0323,59.366
-1.6798e-14,13.384,60.378
3.475e-15,16.515,41.808
5.6955e-15,10.823,26.524
-1.2801e-14,-0.60775,26.463
-1.813e-14,-20.218,29.187
-2.7822e-14,-62.39,8.2536
3.0309e-15,-22.3,3.9217
4.4409e-15,-16.935,-39.689
-6.9501e-15,-14.821,-86.145
2.1605e-14,-32.671,-96.443
-5.6178e-15,-22.978,-98.614
-1.1769e-15,-9.3598,-93.086
-2.0651e-15,-3.4198,-91.438
3.2707e-14,-20.933,-99.31
-4.7296e-15,-30.213,-119.87
3.1375e-14,-23.876,-105.08
3.5527e-15,-26.139,-85.398
2.871e-14,-20.064,-98.194
4.0701e-14,-12.654,-142.5
3.2419e-14,-19.529,-176.58
1.0369e-14,-26.031,-182.27
1.0369e-14,-31.634,-181.49
1.3922e-14,-24.577,-192.37
2.9754e-14,-26.817,-187.93
3.264e-15,-21.934,-163.06
3.4928e-14,-18.009,-155.36
1.9096e-14,-11.567,-160.38
1.9251e-14,-11.402,-169.47
3.1086e-14,-7.0642,-184.49
1.6431e-14,-14.653,-172.31
1.0435e-15,-35.852,-145.05
5.2177e-16,-68.843,-105.02
-1.1546e-14,-98.642,-72.854
-1.7686e-14,-110.21,-58.47
-5.4068e-15,-99.788,-65.688
-1.7764e-15,-84.245,-82.273
-9.6586e-16,-79.061,-80.932
-1.1624e-14,-114.24,-46.37
-3.4561e-14,-131.72,-28.28
-3.1453e-14,-126.75,-7.9494
-2.3537e-14,-127.17,-5.8303
-1.8729e-14,-132.55,-24.042
-2.6201e-14,-138.55,-36.398
-1.5177e-14,-140.91,-32.774
-1.9018e-14,-56.143,6.9737
-8.4377e-15,-20.922,18.981
-7.5495e-15,-12.57,27.713
-3.1863e-15,-17.919,35.462
-2.7422e-15,-21.642,44.635
-7.5495e-15,6.1023,69.633
-1.5543e-14,5.0385,72.254
-1.5099e-14,-9.7852,63.184
-2.035e-14,-17.38,54.759
-1.6431e-14,-30.886,50.041
-5.9285e-15,-61.71,33.713
-1.6875e-14,-43.919,33.303
-2.035e-14,-28.481,36.517
1.3611e-14,-26.426,-20.647
2.2204e-15,-47.398,-68.843
1.672e-14,-46.873,-90.761
-6.0619e-15,-17.959,-88.182
2.9155e-14,-6.9779,-91.356
2.7822e-14,-1.5169,-98.297
1.0435e-15,-7.9427,-129.14
3.1375e-14,-25.277,-104.89
1.4055e-14,-33.519,-35.737
1.2279e-14,-23.536,-4.9744
1.4055e-14,-20.344,-12.837
2.2937e-14,-6.1253,-54.38
2.8266e-14,-10.526,-147.74
3.2707e-14,-21.911,-178.31
4.0701e-14,-26.45,-180.15
3.2863e-14,-20.345,-187.6
3.2863e-14,-25.948,-186.82
5.4844e-15,-27.626,-178.34
1.3034e-14,-25.747,-169.95
3.264e-15,-23.335,-162.86
2.5602e-14,-22.017,-158.51
3.6704e-14,-20.084,-160.02
2.9155e-14,-14.96,-169.38
3.0642e-14,-7.6489,-173.28
5.1359e-14,1.5122,-174.14
-3.8414e-15,-23.44,-143.06
-1.0059e-14,-63.21,-100.44
-2.1683e-14,-99.534,-58.717
-2.5679e-14,-128.19,-33.716
-3.1453e-14,-126.64,-27.748
-1.6953e-14,-120.62,-30.645
-1.8208e-14,-133.29,-39.602
-2.79e-14,-142,-35.507
-3.767e-14,-136.79,-28.812
-1.7841e-14,-135.69,-26.079
-2.1316e-14,-125.75,-41.886
-2.035e-14,-106.4,-51.581
-8.5154e-15,-53.559,25.575
-1.3323e-14,-31.365,41.452
-5.8508e-15,-29.515,44.492
-1.6431e-14,-30.886,50.041
-1.7686e-14,-3.0886,65.139
-1.7242e-14,3.0991,53.151
-4.0745e-15,-20.436,48.177
-2.1239e-14,-29.598,49.037
2.9533e-15,-20.519,52.722
-1.7242e-14,-12.309,55.291
-2.7822e-14,-19.178,41.82
-2.7422e-15,-27.193,35.514
-9.4036e-15,-37.92,45.659
5.1737e-15,-44.263,10.27
-2.8199e-15,-94.195,-9.9981
-2.427e-14,-57.924,-41.827
2.8266e-14,-10.949,-68.548
-7.3941e-15,-5.6001,-76.297
1.4211e-14,-13.48,-97.048
-6.506e-15,-30.94,-114.82
-1.672e-14,-30.777,-46.834
1.1835e-14,-34.157,-14.628
3.9968e-15,-21.616,-47.694
-1.1391e-14,-32.747,-71.29
2.5602e-14,-23.84,-79.122
2.5602e-14,-4.2291,-81.846
1.1546e-14,0.032681,-71.722
-2.8872e-16,-5.4945,-96.096
-3.8414e-15,-16.437,-144.04
3.626e-14,-23.259,-188.02
3.626e-14,-24.66,-187.82
7.2608e-15,-28.3,-183.19
1.3323e-14,-33.732,-170.9
2.5313e-14,-28.039,-155.61
1.8652e-14,-20.556,-148
2.0428e-14,-18.429,-153.24
4.5963e-15,-14.788,-157.87
1.8807e-14,-9.1851,-158.65
4.2921e-14,-1.537,-160.12
2.8199e-15,-0.10649,-154.96
3.2707e-14,-30.632,-117.75
-7.5495e-15,-81.301,-76.499
-1.5543e-14,-111.89,-49.994
-1.1624e-14,-122.64,-45.203
-1.2068e-14,-135.83,-32.242
-2.7534e-14,-141.6,-22.373
-3.6338e-14,-135.24,-22.844
-2.2127e-14,-111.32,-45.95
-1.1102e-14,-92.613,-55.144
2.2204e-15,-68.41,-65.925
-1.3323e-14,-37.589,27.478
-1.3323e-14,-43.972,43.203
-2.5235e-14,-34.332,50.931
-2.2127e-14,-18.107,59.806
-1.0658e-14,6.6342,68.323
-4.0745e-15,-12.032,47.01
-3.6304e-15,-33.859,38.913
-5.4068e-15,-30.384,43.376
-1.9906e-14,-14.047,53.06
-1.813e-14,-0.81899,66.061
-1.6798e-14,-4.8264,62.908
-3.0487e-14,-29.32,40.755
-3.2263e-14,-48.204,38.432
-1.3034e-14,-95.381,48.282
-2.7978e-14,-110.18,23.959
-2.8266e-14,-55.866,-1.3082
1.9385e-14,-0.7335,-15.56
2.4714e-14,-2.7026,-40.017
2.0273e-14,-45.525,-81.056
0,-48.604,-72.385
-1.7164e-14,-16.059,-17.966
-1.0059e-14,-10.298,-48.442
9.77e-15,-14.702,-64.729
7.1054e-15,-27.487,-95.102
2.6934e-14,-33.186,-130.99
-7.8382e-15,-26.879,-121.57
-6.506e-15,-19.945,-76.778
-7.8382e-15,-4.8369,-55.383
-1.1835e-14,-12.425,-43.2
-1.0503e-14,-13.578,-56.642
2.4714e-14,-19.301,-77.28
1.7764e-14,-28.73,-124.61
6.3726e-15,-36.474,-159.8
3.7148e-14,-26.503,-170.25
4.7806e-14,-16.751,-161.72
3.4928e-14,-11.005,-156.33
-3.8414e-15,-3.8297,-145.79
6.8167e-15,5.9228,-137.25
2.4425e-14,14.215,-139.23
2.1316e-14,4.9416,-139.17
2.3093e-14,-2.7362,-143.05
3.7081e-15,-10.354,-136.23
3.5527e-15,-52.648,-101.5
-1.8652e-14,-107.15,-51.888
-1.118e-14,-123.57,-36.419
-1.3767e-14,-114.01,-44.753
-1.199e-14,-96.425,-62.034
9.3259e-15,-35.981,-110
1.5099e-14,-24.917,-117.72
1.5987e-14,-21.052,-120.73
-2.8344e-14,-57.613,52.928
-2.7012e-14,-53.269,58.508
-2.3459e-14,-21.104,63.932
-2.035e-14,10.529,70.667
-1.1546e-14,-1.3806,62.017
-1.2879e-14,-21.081,48.679
-1.6875e-14,-35.62,51.935
-1.5987e-14,-24.804,57.851
-1.7242e-14,-6.7062,54.513
4.3632e-15,10.523,50.059
1.3611e-14,11.751,38.348
-4.4409e-15,-6.7725,23.198
5.1737e-15,-35.911,19.002
-1.3478e-14,-91.71,49.009
-2.0139e-14,-106.59,49.839
2.0651e-15,-53.589,20.221
-8.8818e-16,-5.0712,-0.53214
1.7164e-14,-20.77,-31.325
-1.1835e-14,-45.833,-78.128
1.9829e-14,-25.257,-43.067
1.3611e-14,-6.9741,6.3268
1.3323e-15,-17.751,-50.704
2.2493e-14,-19.106,-81.016
2.5158e-14,-15.809,-108.68
2.0428e-14,-22.842,-113.06
2.6934e-14,-29.09,-111.78
3.1086e-15,-33.781,-63.316
-1.1391e-14,-2.8678,-30.926
-1.45e-14,-7.3178,-16.707
8.8818e-16,-4.4865,-11.742
1.5388e-14,-10.397,-8.0358
1.9385e-14,-15.983,-43.118
-7.3941e-15,-15.406,-74.936
-2.9533e-15,-5.8843,-88.623
3.264e-15,-2.6402,-106.38
3.4928e-14,4.1918,-118.87
2.0872e-14,11.361,-128.94
2.3093e-14,18.17,-126.17
3.0198e-14,25.174,-127.15
1.6065e-14,11.248,-129.75
1.3844e-14,1.638,-132.12
3.8924e-14,3.4285,-139.79
2.1316e-14,-6.2645,-137.62
1.6354e-14,-40.266,-104.87
1.3323e-15,-59.563,-84.465
-7.3941e-15,-30.603,-112.39
1.7919e-14,-3.3506,-137.2
3.1086e-14,2.5299,-146.26
3.7592e-14,3.2865,-145.95
5.9285e-15,13.369,-155.6
-6.3726e-15,-63.853,74.816
-1.34e-14,-27.457,85.011
-1.7686e-14,2.4088,84.16
-1.4211e-14,3.7798,78.611
-2.1239e-14,-11.546,76.206
-2.1683e-14,-12.025,67.617
-1.1546e-14,-2.7814,62.211
1.2546e-15,5.4513,49.527
5.6955e-15,5.1672,37.202
-1.591e-14,3.3468,39.515
-2.7378e-14,-15.844,40.12
-1.9317e-15,-47.223,40.357
-3.8036e-14,-63.47,46.735
-1.6143e-14,-94.955,66.771
-3.5527e-14,-96.917,62.921
-9.3259e-15,-30.728,20.342
1.3167e-14,-17.596,-3.3264
-2.6645e-15,-40.695,-46.281
-2.5869e-15,-27.9,-72.376
-1.1391e-14,13.836,-13.462
7.5495e-15,30.675,-10.443
8.8818e-16,-23.939,-38.716
7.1054e-15,-35.997,-74.136
2.5602e-14,-16.836,-80.095
2.1605e-14,-2.1707,-41.327
7.9936e-15,-22.432,-58.709
1.45e-14,-31.587,-37.242
1.5832e-14,-13.288,-23.709
4.4409e-15,-4.3809,-31.541
-1.3611e-14,0.74984,-20.3
-1.6942e-14,0.44932,3.2349
1.4944e-14,1.5726,11.322
-1.8496e-14,7.3475,22.061
-1.3323e-15,12.306,21.784
2.2049e-14,10.136,-19.543
-7.3941e-15,19.402,-40.202
2.0428e-14,32.924,-71.344
1.3034e-14,39.667,-99.896
3.9813e-14,12.791,-123.78
1.5099e-14,-13.605,-139.07
3.4039e-14,-10.774,-134.11
1.4733e-14,-12.707,-132.6
1.0214e-14,-25.006,-133.78
1.6875e-14,-21.283,-142.95
3.1375e-14,1.5487,-148.18
9.0372e-15,3.032,-152.92
4.7362e-14,10.68,-154.4
1.8363e-14,12.642,-150.55
2.7978e-14,8.6649,-148.35
3.1086e-14,10.935,-147.43
-1.5621e-14,-37.173,102.43
-1.6875e-14,-12.124,108.02
-6.739e-15,-8.4306,93.496
-2.7012e-14,-17.007,83.147
-1.2879e-14,-12.887,87.109
-2.9155e-14,-11.126,74.087
1.621e-15,-6.759,64.413
-2.5158e-14,3.5187,51.032
-3.9968e-15,4.8599,40.13
-7.1054e-15,-7.2151,40.57
-1.5099e-14,-37.642,37.377
-2.5313e-14,-66.526,40.153
-3.848e-14,-71.059,58.918
-5.3579e-14,-91.839,84.061
-4.5586e-14,-97.779,82.413
-1.5543e-14,-33.972,38.104
7.8382e-15,-24.705,17.445
-1.7608e-14,-24.89,-35.287
-6.1396e-15,-26.605,-52.772
-3.475e-15,12.884,-10.033
1.7319e-14,52.856,-35.781
2.2493e-14,-3.9085,-43.559
4.4409e-16,-17.414,-48.278
-1.4055e-14,-10.935,-27.333
-1.4055e-14,2.9667,-9.4797
2.6645e-15,-3.7597,-16.789
1.5832e-14,-19.617,-17.884
-4.885e-15,-30.906,-11.782
2.2204e-15,-8.3883,-34.693
1.9385e-14,3.8058,-13.718
1.7764e-15,6.135,-2.0886
1.672e-14,5.4379,8.3124
-2.1161e-14,5.557,29.729
-4.4409e-16,18.815,48.083
-2.6645e-15,23.212,43.763
-2.2204e-15,27.946,41.869
1.8052e-14,31.025,33.198
2.2049e-14,22.69,-11.395
2.6934e-14,0.11525,-76.267
3.5372e-14,-19.037,-126.78
1.118e-14,-0.15259,-124.45
2.176e-14,-4.3846,-129.22
2.7822e-14,-23.718,-134.78
2.8266e-14,-37.141,-144.05
3.2707e-14,-27.725,-137.93
4.7806e-14,-5.5444,-163.27
2.5313e-14,2.7776,-159.89
4.1145e-14,6.1408,-156.24
1.2146e-14,3.9009,-151.81
3.1086e-14,6.7322,-146.84
-1.1624e-14,-18.431,98.595
-1.4655e-14,-17.816,92.739
-2.3981e-14,-26.026,90.17
-3.0487e-14,-14.176,88.112
-3.2263e-14,4.7082,90.435
-1.5987e-14,-3.9508,84.631
-1.6431e-14,-17.037,77.793
-1.4655e-14,-10.707,71.968
-1.6798e-14,-4.8264,62.908
-1.2434e-14,-23.35,47.757
-1.4655e-14,-56.668,28.892
-2.5313e-14,-70.676,30.837
-1.954e-14,-68.175,53.983
-1.7919e-14,-83.127,79.966
-3.2419e-14,-101.81,94.514
-9.9253e-15,-48.392,62.776
-2.2493e-14,-11.394,25.901
-7.5495e-15,-43.903,-2.5576
-8.4377e-15,-40.764,-0.52052
-8.4377e-15,0.94182,53.039
-7.4718e-15,23.879,28.008
-9.6146e-15,-6.9116,-60.041
1.6875e-14,-0.58849,-86.473
7.9936e-15,-5.5176,-80.843
3.9369e-14,-8.6993,-129.45
2.5158e-14,3.4851,-52.005
-1.45e-14,-2.7785,-14.864
7.8382e-15,-43.146,-2.2505
7.5495e-15,-11.811,-49.056
-1.2279e-14,10.697,-15.5
-1.45e-14,16.337,9.6837
-4.4409e-15,11.385,30.568
1.2723e-14,10.688,40.969
-5.7732e-15,25.092,52.157
-1.7764e-15,24.17,60.941
-2.2937e-14,18.732,52.629
-2.2049e-14,8.6427,41.665
-2.2937e-14,-7.0499,31.48
-2.3381e-14,-18.682,14.548
1.3323e-15,-13.707,-21.59
1.3323e-14,21.718,-69.788
1.4876e-15,6.544,-122.5
2.3537e-14,-25.964,-150.96
3.3151e-14,-42.549,-147
1.8208e-14,-32.347,-135.23
3.1375e-14,-33.47,-143.32
2.5313e-14,-7.0277,-158.53
1.9096e-14,-4.5632,-161.35
2.7089e-14,-4.9002,-163.77
4.5963e-15,0.6203,-160.01
-2.3459e-14,-33.763,75.582
-1.4876e-15,-39.846,67.772
-3.4039e-14,-35.134,81.131
-2.0428e-14,-12.071,98.124
-1.9096e-14,6.2808,101.76
-1.3323e-14,-2.2659,96.762
-3.5372e-14,-15.771,92.043
-1.2879e-14,-12.887,87.109
-1.7319e-14,-12.497,79.635
-1.5537e-16,-36.849,63.646
-2.2649e-14,-68.938,33.069
2.0651e-15,-64.795,21.777
-3.5816e-14,-55.208,39.405
-4.3365e-14,-69.906,72.359
-5.2247e-14,-90.296,90.029
-4.4698e-14,-60.295,74.734
-3.1375e-14,-29.036,53.081
-2.7822e-14,-29.604,28.43
-1.5099e-14,-44.646,38.35
-2.1316e-14,-38.243,84.448
-2.2981e-15,-14.159,52.251
-8.7264e-15,-22.657,-60.327
1.3767e-14,-9.7563,-106.22
-1.621e-15,-15.336,-120.7
3.3595e-14,-12.759,-122.7
-8.7264e-15,-3.1519,-43.252
2.0273e-14,1.731,-18.376
-1.1102e-14,-50.959,8.3146
4.4409e-15,-4.3809,-31.541
-1.3167e-14,19.67,7.9842
-2.6645e-15,13.512,25.326
1.2279e-14,14.358,41.695
-7.1054e-15,17.893,56.867
1.4944e-14,24.395,62.558
-1.9829e-14,21.002,53.55
-3.1086e-15,12.928,36.536
-2.2049e-14,-2.4578,23.423
-7.9936e-15,-17.979,24.754
8.2823e-15,-22.435,18.366
-1.3323e-15,5.3554,12.858
-6.506e-15,47.491,7.8296
1.3767e-14,27.695,-42.178
2.8199e-15,-11.524,-113.81
4.4698e-14,-34.429,-160.5
4.1522e-15,-36.384,-143.74
2.4869e-14,-44.032,-142.26
2.176e-14,-26.691,-145.91
1.2146e-14,-25.515,-147.72
3.8036e-14,-24.144,-153.27
2.5313e-14,-11.23,-157.95
-1.481e-14,-86.513,91.565
-2.3537e-14,-60.461,83.824
-3.1897e-14,-31.21,88.829
-8.5154e-15,-11.959,98.933
-7.1831e-15,2.1909,103.15
-1.34e-14,-5.15,101.7
-2.3537e-14,-12.94,97.008
-3.3595e-14,-8.0408,86.023
-1.1546e-14,-2.8342,72.111
-3.1375e-14,-24.834,52.497
2.0651e-15,-53.589,20.221
6.0619e-15,-47.401,8.2325
6.9501e-15,-26.106,17.64
-3.0931e-14,-38.257,43.233
-1.7475e-14,-93.801,80.212
-1.8363e-14,-80.858,80.887
-3.3151e-14,-40.969,59.684
-2.8266e-14,-5.8076,60.983
-1.5987e-14,-24.857,67.751
-2.5235e-14,-46.991,62.582
-1.7242e-14,-25.432,22.492
-1.3167e-14,-13.968,-49.169
7.1831e-15,-10.595,-101.98
2.7378e-14,-27.104,-123.18
-6.506e-15,-3.1356,-79.113
1.894e-14,-3.3401,-18.908
1.8496e-14,-3.198,-12.745
-3.3151e-14,-61.822,32.905
1.6054e-14,1.9624,3.8491
1.5832e-14,19.961,40.917
-6.2172e-15,7.8036,45.903
-5.3291e-15,17.272,42.115
-1.894e-14,26.268,50.345
1.2723e-14,23.242,49.117
8.8818e-16,21.917,24.159
1.4944e-14,11.325,19.86
-2.3381e-14,-8.9826,32.985
-2.649e-14,-27.335,29.351
-1.9829e-14,-19.303,-0.204
2.2204e-15,12.075,-0.44067
8.8818e-15,53.745,27.157
-8.7264e-15,44.831,14.381
6.2172e-15,7.5521,-38.144
-6.9501e-15,-21.719,-104.97
3.4484e-14,-25.598,-143.18
-2.8872e-16,-38.796,-150.82
1.3767e-14,-34.759,-142.32
2.4869e-14,-28.624,-144.4
2.176e-14,-32.294,-145.13
4.1522e-15,-23.777,-145.49
-2.5757e-14,-70.177,101.25
-2.2649e-14,-34.289,97.5
-1.7319e-14,-8.4008,98.851
-1.5543e-14,-9.0748,93.998
-2.3459e-14,-4.4529,91.295
-1.0736e-14,-6.1609,94.418
-3.7148e-14,-16.498,97.09
-3.6704e-14,-21.517,86.659
-1.3323e-14,-21.718,69.788
-3.0487e-14,-36.377,51.628
-3.2263e-14,-46.698,18.439
-5.7732e-15,-27.82,0.15464
1.7764e-15,1.7906,-7.6677
-7.9936e-15,-20.78,25.143
-3.1086e-14,-77.696,67.671
-4.6474e-14,-69.374,71.049
-7.2608e-15,-49.509,75.296
-1.954e-14,-13.703,76.093
-1.2434e-14,0.30431,74.148
-7.1054e-15,-1.6648,49.691
-1.6276e-14,7.2583,5.9987
1.8496e-14,-10.823,-26.524
3.0043e-14,-8.8212,-73.789
-7.3941e-15,-19.502,-94.151
-1.1391e-14,8.2856,-22.584
1.7608e-14,0.27747,-8.2819
1.0503e-14,-18.375,11.62
-2.5158e-14,-21.537,24.836
2.6645e-15,20.232,12.028
1.1391e-14,13.294,44.316
-6.6613e-15,15.676,46.046
1.7608e-14,24.216,30.434
1.8496e-14,28.756,32.277
1.6276e-14,18.471,25.05
4.4409e-16,4.0074,3.1529
1.3611e-14,-6.6371,8.753
8.2823e-15,-12.683,26.904
-3.1819e-14,-37.867,35.76
-2.2493e-14,-25.97,3.195
-1.2279e-14,9.6335,-12.879
2.4714e-14,54.412,11.402
2.427e-14,52.479,12.907
1.8052e-14,18.187,12.724
-1.6276e-14,-9.7823,-13.891
2.3758e-15,-16.311,-102.01
2.7822e-14,-29.321,-134
3.1375e-14,-32.07,-143.51
5.9285e-15,-31.455,-149.37
2.5158e-14,-26.804,-146.72
2.649e-14,-26.662,-140.56
-3.1819e-14,-4.6181,100.39
-4.1522e-15,15.584,107.06
-1.8208e-14,11.547,98.553
4.7296e-15,-0.39272,84.549
-3.3151e-14,-7.4561,74.814
-2.0428e-14,-9.1641,77.936
-2.871e-14,-10.647,82.676
-3.626e-14,-22.333,75.643
-1.7319e-14,-36.205,63.144
-5.4844e-15,-51.478,50.84
1.621e-15,-44.368,30.068
-3.9968e-15,-19.753,-3.4389
-1.1391e-14,11.761,-18.12
-2.0273e-14,-8.3451,11.875
-1.6431e-14,-42.092,51.597
-1.954e-14,-48.67,71.058
-5.9285e-15,-33.905,69.42
-3.1819e-14,-31.021,64.485
-1.4655e-14,-13.508,72.357
8.7264e-15,25.353,79.736
-4.885e-15,30.305,58.852
-1.7386e-14,-5.2958,-2.1496
3.9968e-15,-4.9127,-30.23
3.9968e-15,-13.265,-38.962
3.9968e-15,10.195,-8.8351
8.8818e-16,-3.0857,-11.936
-1.3323e-14,-35.515,32.136
-3.9968e-15,-0.63751,21.109
-4.4409e-16,6.3663,20.136
-2.0273e-14,-3.1318,18.57
-1.9829e-14,2.9503,26.381
-1.7608e-14,5.6098,19.829
4.4409e-16,13.033,16.737
-1.4944e-14,14.067,8.7625
-1.3323e-15,0.47908,8.589
-6.6613e-16,-4.5393,-1.8425
1.5166e-14,-3.9776,2.2011
-3.2707e-14,-48.736,39.743
-3.1819e-14,-42.016,26.444
-1.3167e-14,15.521,-1.3314
2.649e-14,62.09,15.282
1.0214e-14,55.393,13.327
3.9968e-15,19.416,1.0127
1.5832e-14,-6.3894,-4.8829
-1.45e-14,-3.1155,-17.29
-4.7296e-15,-16.416,-82.214
-4.2855e-15,-25.426,-131.66
2.176e-14,-40.699,-143.96
1.5698e-14,-25.462,-157.62
2.0428e-14,-22.631,-152.66
-1.6431e-14,-11.539,96.813
-2.176e-14,-8.1166,111.18
-1.9984e-14,-7.3898,106.13
-5.0404e-15,-4.9848,92.606
-1.8208e-14,-9.359,81.673
-1.6431e-14,-18.385,68.088
-1.5537e-16,-20.093,71.211
-1.5543e-14,-22.924,66.246
-2.871e-14,-24.444,45.024
7.3941e-15,-24.9,21.182
-3.5527e-15,-9.6633,7.5247
-1.3167e-14,6.1052,-7.4427
2.2049e-14,22.69,-11.395
-1.1391e-14,15.574,-11.231
-2.427e-14,-9.9936,25.706
-1.8652e-14,-37.748,57.176
-1.4655e-14,-23.208,53.92
-1.6431e-14,-19.733,58.383
-1.7319e-14,-30.655,72.265
1.1769e-15,-15.748,76.79
-2.3825e-14,13.466,55.833
1.7164e-14,18.861,17.577
2.2204e-15,12.075,-0.44067
1.8052e-14,3.753,-3.8186
8.7264e-15,-22.24,14.63
-3.1819e-14,-51.769,17.907
-5.7732e-15,-24.345,4.6179
-1.45e-14,5.5733,-6.1323
-1.7764e-15,-4.3972,4.3203
-1.5832e-14,2.9139,0.41961
1.45e-14,-8.1799,2.7848
1.4944e-14,-10.929,-6.7254
1.672e-14,5.1009,5.8862
1.9829e-14,23.453,9.5197
1.672e-14,13.116,12.192
1.3323e-15,2.1276,-5.2415
-1.7764e-15,-3.5283,5.4361
-3.848e-14,-68.257,58.529
-7.2608e-15,-67.508,38.228
1.8496e-14,11.094,-2.3652
2.3381e-14,63.97,23.676
2.427e-14,56.629,22.223
-1.3167e-14,17.596,3.3264
4.4409e-16,-8.1569,-12.469
-1.5388e-14,0.50213,-6.6644
3.1086e-15,-1.827,-18.294
2.6046e-14,-7.9524,-72.673
5.0404e-15,-22.819,-128.31
1.4211e-14,-39.777,-152.75
2.871e-14,-28.152,-156.42
-1.8652e-14,-7.0365,72.694
-8.9595e-15,-4.0334,89.176
-5.9946e-16,-5.3746,100.08
2.8872e-16,-9.9139,98.236
-1.954e-14,-18.011,96.476
-3.7148e-14,-36.003,80.015
-3.264e-15,-48.977,73.986
-3.9813e-14,-58.7,70.803
-1.0369e-14,-65.733,66.421
-8.5931e-15,-73.411,62.542
-2.6645e-14,-72.377,54.567
-4.5963e-15,-57.365,39.293
-3.0931e-14,-40.279,28.676
-4.4409e-15,-16.135,7.1871
-1.7764e-15,-4.0602,6.7465
-3.5527e-15,-11.596,9.0296
-4.4409e-15,-7.4464,18.345
1.2723e-14,3.0627,27.19
-1.1102e-14,-16.152,43.048
3.8414e-15,-22.204,40.591
-5.9946e-16,-28.924,53.89
-3.4928e-14,-34.692,63.758
-3.0043e-14,-35.845,50.317
-1.9096e-14,-45.231,49.56
6.9501e-15,-21.229,21.908
-2.2493e-14,-17.619,11.927
-6.6613e-16,-2.8015,0.38912
-8.8818e-16,-2.4645,2.8153
1.5832e-14,-2.9139,-0.41961
-1.7164e-14,0.78631,5.6611
-1.7764e-15,-2.6594,6.5519
1.4055e-14,-7.506,7.6372
1.8052e-14,5.6856,-5.3236
2.8266e-14,25.26,-34.009
-1.0059e-14,16.832,-17.588
1.8496e-14,6.8915,-1.7815
-3.9968e-15,-10.39,12.572
-4.7806e-14,-76.52,65.859
-4.5586e-14,-73.913,69.206
-3.9968e-15,0.036469,25.961
8.8818e-15,49.542,27.741
8.8818e-15,50.943,27.546
-1.4055e-14,17.932,5.7526
1.5832e-14,-8.8011,-11.967
1.622e-14,-1.5131,-0.61417
2.6645e-15,1.8434,-17.567
-1.1391e-14,-0.74021,-36.168
-1.621e-15,-11.345,-81.682
1.5099e-14,-40.22,-135.37
5.9285e-15,-45.463,-147.42
-1.7686e-14,-8.6389,56.018
-1.0658e-14,-4.5192,59.98
-5.9946e-16,-2.4675,79.891
-3.2263e-14,-5.0971,91.797
-3.3595e-14,-9.4415,86.218
-4.1522e-15,-22.025,72.716
-3.5372e-14,-36.624,65.263
1.621e-15,-47.276,50.256
-2.176e-14,-53.972,48.301
-4.1589e-14,-59.321,56.051
-9.0372e-15,-59.883,52.007
-1.0435e-15,-51.709,28.615
-1.2879e-14,-43.334,22.094
-2.3825e-14,-25.491,11.784
8.8818e-16,-7.2352,-21.252
3.9968e-15,-2.1112,-30.619
2.2204e-15,-4.2916,-15.478
1.3611e-14,-4.8993,10.985
1.0059e-14,-10.555,21.662
9.1705e-15,-18.233,17.783
-5.0404e-15,-52.347,49.724
-1.8208e-14,-58.227,58.784
-2.2937e-14,-14.001,22.553
7.8382e-15,-18.091,23.945
-2.6645e-15,-2.5174,12.715
1.5832e-14,7.5127,12.97
1.5388e-14,3.8423,12.244
-1.6276e-14,5.8575,6.1933
1.7608e-14,8.9662,2.8763
-1.7608e-14,2.5241,7.8928
-2.6645e-15,-5.9929,8.2514
-2.1605e-14,-4.7275,22.502
4.885e-15,18.015,1.2073
3.1375e-14,15.081,-61.035
2.8266e-14,15.507,-42.546
3.1086e-15,11.738,-2.8669
-2.1161e-14,-16.023,7.9959
-3.7081e-15,-71.763,48.711
-1.3922e-14,-75.591,77.683
6.506e-15,-6.5113,50.777
2.2049e-14,48.313,39.452
-9.6146e-15,42.367,17.197
2.2049e-14,15.349,-12.848
-1.4944e-14,-1.5726,-11.322
-1.7164e-14,-0.08257,4.5453
3.5527e-15,2.9072,-20.188
-1.2723e-14,-0.98792,-22.532
1.9829e-14,-9.2274,-30.455
5.7732e-15,-33.338,-80.688
2.649e-14,-49.074,-137.44
-1.2434e-14,-12.197,56.1
-1.1102e-14,-13.35,42.659
-1.0214e-14,-10.938,49.743
1.621e-15,-9.5606,64.802
-3.1375e-14,-13.733,70.739
-1.8208e-14,-20.459,63.43
2.5092e-15,-25.253,54.616
-1.4655e-14,-30.159,44.994
-3.0043e-14,-38.594,40.807
-3.0931e-14,-46.661,44.4
-1.5537e-16,-49.35,45.598
-3.3151e-14,-40.136,34.839
-2.3825e-14,-28.293,12.173
-1.6276e-14,-14.996,-20.586
-1.0947e-14,-9.9609,-46.016
2.1605e-14,-7.7738,-40.549
8.8818e-16,-14.913,-25.132
1.5388e-14,-13.535,-10.073
1.4055e-14,-15.468,-8.5679
0,-9.0258,-13.584
-1.6276e-14,-9.1083,-9.0391
-2.6645e-15,-13.281,-3.1014
-1.3611e-14,1.4238,-15.448
4.4409e-15,6.0457,-18.151
3.5527e-15,9.8582,-11.261
1.9385e-14,11.431,0.06098
1.7764e-15,7.8727,0.14302
1.8496e-14,11.094,-2.3652
1.8496e-14,12.832,-0.13358
-1.3611e-14,8.7118,-4.0952
-1.3167e-14,2.6297,-11.906
-4.4409e-16,7.8199,10.042
-9.6146e-15,33.341,3.6124
2.5158e-14,4.8331,-42.3
-1.0503e-14,-1.0772,-38.594
-1.5388e-14,0.83912,-4.2382
-2.5602e-14,-28.346,22.072
-3.848e-14,-59.8,47.462
-2.4869e-14,-63.299,58.252
-2.9155e-14,-6.8186,53.705
1.672e-14,42.036,35.378
-8.7264e-15,25.379,-12.593
2.427e-14,8.6456,-35.411
2.2204e-15,6.3299,-5.8252
1.7608e-14,0.61446,-5.8557
1.7764e-15,5.2661,-3.2044
-1.45e-14,0.36004,-12.827
3.1086e-15,1.3115,-16.257
3.9968e-15,-10.516,-29.452
1.1546e-14,-47.382,-104.7
-2.5235e-14,-23.231,69.174
-1.9018e-14,-19.987,51.412
-1.1546e-14,-25.035,35.626
5.1737e-15,-27.612,37.633
-1.0435e-15,-30.856,55.395
-5.9946e-16,-35.98,64.762
-3.4484e-14,-38.362,63.032
-1.5543e-14,-39.68,58.681
-3.7592e-14,-47.583,53.184
-1.9096e-14,-57.785,41.412
-1.4876e-15,-55.043,30.314
4.7296e-15,-37.17,25.359
-1.672e-14,-22.531,-18.303
-7.8382e-15,-8.9864,-64.699
2.3381e-14,-6.9414,-65.395
1.7764e-15,-13.122,-32.799
2.2204e-15,-16.119,-28.674
1.672e-14,-24.778,-34.478
-4.4409e-16,-29.737,-34.201
2.0273e-14,-17.774,-35.451
-1.1835e-14,-8.2759,-33.885
6.2172e-15,1.949,-37.366
5.7732e-15,-2.7852,-35.472
-1.1835e-14,0.12867,-35.052
7.9936e-15,8.226,-33.292
6.6613e-15,10.106,-24.897
4.885e-15,5.9036,-24.314
3.9968e-15,6.2406,-21.887
3.1086e-15,7.2515,-14.609
2.0717e-14,10.615,-10.954
2.3381e-14,13.859,-28.716
-1.2279e-14,10.697,-15.5
2.1161e-14,12.884,-10.033
-8.8818e-16,-8.0148,-6.3058
1.4944e-14,-9.1909,-4.4938
-4.4409e-16,-7.4829,-7.6162
6.506e-15,-37.117,15.46
-1.1546e-14,-27.11,30.969
-1.8208e-14,-30.212,54.893
6.0619e-15,-9.7919,42.577
5.3291e-15,25.214,-3.5021
2.7378e-14,6.0918,-48.658
-6.9501e-15,5.9794,-49.466
1.7164e-14,15.048,10.687
1.8496e-14,4.2849,-5.129
3.5527e-15,12.27,-4.1772
3.1086e-15,5.124,-9.3672
-1.45e-14,-0.31394,-17.68
-1.672e-14,-5.4379,-8.3124
1.3167e-14,-42.988,-31.949
-5.8508e-15,-28.167,54.197
-1.6875e-14,-28.616,50.962
-3.1863e-15,-34.001,32.75
-1.5543e-14,-45.125,29.761
-1.4211e-14,-46.437,46.018
-3.1375e-14,-41.643,54.832
-3.7081e-15,-41.051,64.23
1.1769e-15,-38.055,60.104
-1.7764e-14,-38.032,44.851
-1.3767e-14,-37.447,33.641
-2.649e-14,-32.885,20.23
-3.1086e-15,-24.576,-17.607
-1.0947e-14,-22.462,-64.063
9.77e-15,-21.6,-83.555
2.3825e-14,-13.413,-65.732
1.8496e-14,-19.902,-30.209
1.7608e-14,-29.317,-36.32
1.4055e-14,-48.822,-53.395
-2.2049e-14,-58.013,-57.889
-1.894e-14,-58.651,-36.78
1.0059e-14,-48.786,-27.434
1.8052e-14,-21.781,-38.604
2.2204e-15,-19.594,-33.137
-1.9829e-14,-23.4,-19.419
-1.2723e-14,-7.9389,-31.459
1.6276e-14,-12.756,-25.019
1.8496e-14,-10.823,-26.524
4.885e-15,-8.0513,-32.267
1.6276e-14,-18.359,-24.241
-1.6276e-14,-7.7076,-9.2336
-1.2279e-14,2.3455,-24.231
5.3291e-15,-0.51555,-34.55
-1.3167e-14,-16.823,-38.88
-3.1086e-15,-28.779,-17.023
-3.5527e-15,-20.285,-2.1285
-1.7497e-14,-3.2211,2.5082
-9.3259e-15,-22.376,29.074
-2.4714e-14,-17.529,27.989
4.7296e-15,-32.293,29.628
-2.3825e-14,-24.764,6.737
2.427e-14,14.923,-31.337
2.3825e-14,5.9862,-28.859
-1.0947e-14,14.031,-17.199
1.8052e-14,17.85,10.298
4.4409e-16,9.2207,9.8478
2.0717e-14,7.1392,-15.417
8.8818e-16,-2.4117,-7.084
-1.8052e-14,-7.2285,-0.64466
-4.4409e-16,-9.5577,-12.274
-2.871e-14,-41.095,17.661
-2.2571e-14,-56.196,16.873
-2.4791e-14,-60.256,23.62
-2.4869e-14,-64.594,38.648
-2.3981e-14,-63.53,36.027
-1.7764e-14,-51.934,26.997
-3.1819e-14,-49.073,37.316
-2.2649e-14,-45.283,59.459
-3.2263e-14,-35.703,56.48
-2.9155e-14,-26.324,36.63
7.8382e-15,-17.417,28.798
-3.5527e-15,-10.532,6.4089
-8.2823e-15,-16.575,-52.516
-2.9533e-15,-24.094,-86.094
1.1102e-14,-24.259,-77.003
2.3381e-14,-11.249,-45.012
2.6645e-15,-19.062,-34.447
1.4944e-14,-32.456,-38.357
1.3611e-14,-48.006,-42.38
1.0503e-14,-68.539,-30.873
-3.626e-14,-86.293,-4.501
-3.2707e-14,-82.143,4.8147
-2.649e-14,-55.139,-6.3552
-2.4714e-14,-47.461,-2.4756
-6.6613e-15,-35.888,3.7482
-6.6613e-15,-29.558,-2.077
-3.5527e-15,-24.097,-9.018
-4.885e-15,-24.966,-10.134
-1.7164e-14,-23.063,-16.993
-2.6645e-15,-26.846,-18.528
-4.4409e-16,-15.835,-16.348
6.2172e-15,-6.4556,-36.198
2.1605e-14,-20.275,-58.597
-1.8052e-14,-32.373,-42.903
7.8382e-15,-34.794,6.4815
-2.4714e-14,-25.881,19.257
-1.5832e-14,9.5279,6.92
6.506e-15,-9.2601,41.266
-1.2434e-14,-23.297,37.858
6.506e-15,-44.068,6.533
1.0059e-14,-32.756,-14.822
-8.7264e-15,14.952,-25.983
3.9968e-15,12.128,-10.34
-1.2723e-14,21.603,6.4793
3.1086e-15,21.154,3.2444
2.2204e-15,13.76,11.69
1.9829e-14,5.7384,-15.223
-1.5388e-14,-0.89864,-6.4699
-1.7764e-15,0.28418,12.326
-1.7764e-15,-0.05281,9.8994
-2.8266e-14,-38.488,21.008
-6.2949e-15,-64.802,1.1696
-1.4211e-14,-72.84,10.117
-1.5177e-14,-74.092,37.082
-1.954e-14,-69.523,44.278
-1.8208e-14,-66.474,30.253
-9.0372e-15,-70.983,33.765
-8.5931e-15,-66.407,61.569
-1.7764e-14,-56.295,57.279
-3.4039e-14,-43.328,42.701
-3.1819e-14,-30.916,44.686
-2.0717e-14,-23.843,-2.0465
2.5602e-14,-19.638,-79.706
5.9946e-16,-12.835,-97.55
2.5602e-14,-5.7355,-61.853
1.9385e-14,-10.486,-24.098
-1.9385e-14,-27.071,-20.146
-4.885e-15,-38.531,-25.561
-2.8266e-14,-55.813,-11.208
-3.0487e-14,-68.33,6.6056
-3.5816e-14,-81.77,33.202
-4.1145e-14,-93.755,49.705
-3.848e-14,-79.358,40.286
-2.176e-14,-72.077,31.032
-5.9946e-16,-53.979,27.694
-2.9155e-14,-45.882,29.454
-2.8266e-14,-40.563,16.35
-2.5602e-14,-41.574,9.0718
-1.3323e-14,-50.817,14.477
7.8382e-15,-35.468,1.6291
-2.427e-14,-34.322,-5.537
1.9385e-14,-28.59,-41.367
-9.6923e-15,-46.216,-50.048
-4.0745e-15,-49.536,-7.1334
-3.1819e-14,-28.114,44.297
-2.3825e-14,-8.1137,34.1
-1.6276e-14,12.472,12.694
-7.9936e-15,-6.8781,42.996
-2.5602e-14,-23.469,26.341
8.7264e-15,-49.034,-13.798
-8.36e-15,-33.519,-35.737
-1.2279e-14,15.911,-8.8046
-1.5388e-14,15.273,12.304
3.1086e-15,23.565,10.328
2.1161e-14,19.498,-3.5326
1.8052e-14,10.03,0.25554
-1.45e-14,3.8355,-8.3639
-1.4278e-14,6.4422,-5.0165
-1.5832e-14,13.34,13.809
-1.9829e-14,4.3511,26.187
-1.2879e-14,-30.78,30.242
-1.2879e-14,-54.435,3.8513
-2.3459e-14,-60.008,9.9836
-2.7012e-14,-71.267,21.439
-3.3229e-14,-77.26,29.691
-2.2649e-14,-78.743,34.431
-2.2204e-14,-82.414,33.704
-1.259e-14,-87.845,45.999
-2.8422e-14,-89.913,61.949
-1.6143e-14,-83.801,75.113
-1.259e-14,-73.943,63.852
5.1737e-15,-59.566,-7.3889
2.1161e-14,-43.061,-83.872
-8.7264e-15,-19.75,-80.515
4.885e-15,-3.7962,-42.75
-2.2937e-14,-37.603,-13.737
-1.1102e-14,-56.51,-0.80655
-1.2434e-14,-53.903,2.5409
-1.7319e-14,-55.552,16.371
7.3281e-16,-48.287,42.978
-3.4928e-14,-43.096,64.926
-3.7592e-14,-53.292,73.761
-3.4928e-14,-55.703,66.677
-3.7148e-14,-63.913,64.108
-7.2608e-15,-59.261,66.759
-1.4211e-14,-42.234,45.434
-1.5987e-14,-40.781,35.34
1.621e-15,-43.642,25.021
-3.1819e-14,-56.024,28.39
-3.0487e-14,-50.226,23.875
4.7296e-15,-42.72,16.238
-2.0717e-14,-38.366,-34.651
-1.0214e-14,-59.595,-12.743
-1.5099e-14,-46.047,38.545
-1.2434e-14,-3.898,74.732
-2.2049e-14,8.5899,51.564
-1.6276e-14,18.359,24.241
4.7296e-15,-22.541,38.165
-3.4928e-14,-65.297,28.441
-2.6046e-14,-58.756,-16.981
-4.3632e-15,-11.976,-39.965
1.9385e-14,22.921,10.83
1.5388e-14,20.883,32.134
3.5527e-15,20.285,2.1285
4.885e-15,13.192,-12.961
-1.45e-14,5.5733,-6.1323
-1.3167e-14,5.4312,-12.295
1.8496e-14,12.637,3.603
2.6645e-15,22.644,19.112
1.2723e-14,6.5382,31.653
-1.5987e-14,-28.953,48.536
-5.4068e-15,-51.237,16.596
-2.2571e-14,-60.345,7.5574
-8.0713e-15,-68.33,6.6056
-2.0428e-14,-74.63,17.785
-2.6124e-14,-75.859,29.496
-1.8285e-14,-80.564,36.744
-1.8285e-14,-91.77,38.301
-1.7475e-14,-97.898,60.997
-5.1359e-14,-99.038,88.77
-3.3307e-14,-102.66,57.537
-1.9906e-14,-97.565,-34.26
4.8073e-15,-73.706,-68.074
1.3611e-14,-48.006,-42.38
9.6146e-15,-41.019,-7.492
-1.9906e-14,-78.06,-17.185
-2.7012e-14,-79.619,12.707
-1.7686e-14,-53.147,2.848
-8.8818e-15,-32.218,4.4749
-1.0214e-14,-21.365,36.353
-2.4791e-14,-18.603,87.078
-1.4655e-14,-12.213,91.961
4.2855e-15,-6.4221,66.839
-1.6875e-14,-28.722,70.76
-4.0257e-14,-38.273,79.094
-1.4876e-15,-37.044,67.383
-3.0043e-14,-20.436,48.177
-3.0043e-14,-32.991,40.029
-3.1819e-14,-37.867,35.76
-1.3323e-14,-43.972,43.203
6.506e-15,-23.162,23.413
-2.2204e-15,-15.551,-4.0226
-5.4068e-15,-37.335,34.45
-2.0795e-14,-19.313,56.264
3.664e-16,18.342,60.102
9.6146e-15,22.32,57.901
1.3167e-14,12.62,39.464
-1.7764e-14,-49.132,26.608
-2.7978e-14,-97.575,22.208
-1.9018e-14,-58.892,-2.5365
6.6613e-15,10.78,-20.045
-1.2279e-14,31.498,21.18
-1.4055e-14,26.568,26.81
1.894e-14,20.314,7.4826
1.9829e-14,11.289,-6.1018
4.4409e-15,6.7197,-13.298
4.4409e-15,12.66,-11.65
-1.3611e-14,20.539,9.1001
-1.7764e-15,18.726,32.021
-2.2937e-14,1.9758,45.064
-1.8652e-14,-39.149,57.371
-3.6304e-15,-38.63,14.845
-5.4068e-15,-55.386,7.2808
-6.739e-15,-65.334,2.4799
-1.5099e-14,-58.495,10.598
-1.0292e-14,-65.44,22.279
-3.3229e-14,-70.309,38.617
-1.6953e-14,-73.471,51.834
-1.481e-14,-82.153,61.283
-1.3478e-14,-91.763,58.908
-2.317e-14,-105.87,24.184
-1.3767e-14,-107.01,-45.725
-1.0658e-14,-83.782,-37.823
6.0619e-15,-52.172,-15.835
-1.5099e-14,-65.499,11.571
-2.79e-14,-83.484,15.717
-1.6875e-14,-66.226,16.618
7.3281e-16,-24.579,59.469
-1.4655e-14,-3.7031,70.995
-4.0745e-15,4.6717,64.474
-5.4068e-15,9.9215,97.13
-2.427e-14,19.78,85.869
1.3167e-14,40.477,65.271
7.8382e-15,17.391,63.531
-4.4409e-15,18.283,49.394
-2.5313e-14,-26.168,84.007
-1.5537e-16,-13.089,70.238
-2.6046e-14,-5.8969,44.921
-7.1054e-15,-9.9638,31.06
-2.427e-14,-13.469,21.243
-1.058e-14,-7.3111,3.9006
-1.058e-14,-12.187,-0.36807
-8.4377e-15,-8.7579,34.602
-1.41e-15,13.413,65.732
-4.5186e-15,23.698,72.959
-2.0273e-14,21.818,64.565
-2.2049e-14,8.5899,51.564
1.1769e-15,-44.174,26.332
-2.5235e-14,-84.442,-1.4606
-7.5495e-15,-53.603,-20.994
-1.7764e-15,13.175,22.9
-8.36e-15,30.44,44.408
1.894e-14,27.887,31.161
-1.1835e-14,20.592,-0.7993
-1.3611e-14,9.5807,-2.9794
3.9968e-15,12.128,-10.34
1.8496e-14,19.783,8.793
1.7608e-14,23.542,25.582
9.1705e-15,3.631,51.841
-1.5543e-14,-13.119,64.884
-5.9285e-15,-49.367,81.459
-2.1683e-14,-56.48,4.5475
-1.9906e-14,-44.653,17.743
-1.3323e-14,-42.413,13.31
-1.1546e-14,-51.491,9.6249
-1.3767e-14,-49.949,15.593
-1.6875e-14,-47.395,28.84
-1.8652e-14,-54.451,39.712
-3.5449e-14,-67.418,54.29
-2.0506e-14,-87.425,43.88
-1.8729e-14,-108.85,-7.5508
-6.2949e-15,-110.76,-41.907
-1.2879e-14,-85.146,-11.667
4.2855e-15,-52.278,3.9638
-2.4347e-14,-73.732,24.255
-1.4289e-14,-82.781,25.924
-6.3726e-15,-42.789,61.998
-1.5543e-14,-10.476,94.193
-3.6704e-14,-7.6145,104.51
-3.0043e-14,13.024,73.206
-1.5832e-14,46.748,48.737
7.1054e-15,47.415,32.982
-1.8052e-14,35.736,46.557
-4.885e-15,27.504,59.241
1.6276e-14,34.448,47.561
1.1835e-14,16.522,62.415
-3.6704e-14,-18.715,86.269
1.45e-14,21.167,44.459
1.8496e-14,21.805,23.35
-7.5495e-15,-17.447,23.444
-1.4133e-14,-20.982,8.2725
-1.5465e-14,-24.705,17.445
-7.5495e-15,6.2079,49.834
3.9191e-15,47.653,75.815
8.7264e-15,26.754,79.542
1.0947e-14,14.058,65.231
-1.0214e-14,8.6196,56.918
-2.79e-14,-45.875,50.062
-1.4655e-14,-66.315,0.55538
-1.2357e-14,-45.257,-32.87
-1.6798e-14,2.2831,42.136
-6.6613e-15,25.429,54.584
1.5388e-14,29.235,40.866
-1.4055e-14,21.408,10.216
1.3323e-15,9.0786,3.685
4.4409e-15,16.472,-4.7609
1.45e-14,21.22,34.56
1.2723e-14,16.238,50.09
-4.1522e-15,-16.422,71.937
-1.9096e-14,-31.434,87.212
-2.3981e-14,-49.839,93.478
-1.5099e-14,-65.499,11.571
-2.2127e-14,-47.312,24.295
-4.5186e-15,-43.949,27.949
-2.2571e-14,-47.844,25.605
-2.0795e-14,-38.765,29.29
-4.9627e-15,-34.728,37.797
-1.2879e-14,-31.507,35.289
-7.1831e-15,-29.71,48.229
-2.2127e-14,-50.114,24.684
-2.1239e-14,-87.954,-31.885
-2.2649e-14,-106.49,-11.175
-2.7534e-14,-94.294,30.408
-3.1009e-14,-77.508,43.327
-2.3537e-14,-90.961,28.709
-8.5154e-15,-85.566,-9.548
2.5092e-15,-23.8,44.522
6.506e-15,-23.215,33.313
-3.4928e-14,-34.692,63.758
-2.4714e-14,3.9978,59.621
-9.6146e-15,56.996,30.003
8.4377e-15,53.94,23.421
-2.0273e-14,7.9687,36.813
-2.3825e-14,21.871,54.666
1.9385e-14,35.37,38.777
-1.672e-14,31.729,43.404
-1.8208e-14,-6.5574,81.283
-4.4409e-15,29.436,57.737
5.7732e-15,44.418,37.108
1.4055e-14,15.812,31.602
7.3941e-15,-11.672,34.182
-1.4655e-14,-19.006,53.336
5.1737e-15,-1.156,63.634
-3.1086e-15,19.72,75.161
-7.9936e-15,19.525,78.897
7.8382e-15,18.792,63.337
5.6178e-15,-0.62409,62.324
-3.012e-14,-51.283,47.103
-5.4068e-15,-56.787,7.4753
-6.6613e-15,-35.108,-11.198
-1.3689e-14,0.40322,33.742
-1.3323e-15,35.908,58.074
-1.7164e-14,45.152,52.669
1.3323e-15,29.4,31.775
2.6645e-15,14.292,10.38
1.7608e-14,23.595,15.682
-2.0717e-14,11.533,57.338
4.2855e-15,-0.8718,75.96
-3.264e-15,-25.27,90.477
-5.0404e-15,-42.806,97.859
-4.2033e-14,-43.202,84.725
-1.813e-14,-42.525,12.501
-1.6431e-14,-50.338,23.066
-5.4068e-15,-43.612,30.375
-2.1683e-14,-36.354,36.374
-1.5987e-14,-37.305,39.804
-4.0745e-15,-28.841,49.344
-1.9462e-14,-27.47,43.796
-1.1102e-14,-23.155,44.021
-1.7242e-14,-31.035,23.27
-7.9936e-15,-54.808,-24.536
-2.6568e-14,-73.537,20.518
-2.4425e-14,-73.92,48.599
-3.5449e-14,-73.021,55.069
-3.6782e-14,-92.616,21.932
-4.9627e-15,-90.905,-58.266
-6.1396e-15,-43.361,-60.336
-2.6645e-15,-46.193,-65.301
-4.9627e-15,-56.255,6.165
-3.2707e-14,-47.494,69.246
-3.4039e-14,-35.029,61.332
-2.9599e-14,-12.954,55.793
9.6146e-15,-6.9376,32.288
-7.9936e-15,-2.7286,52.312
-3.5527e-15,13.796,37.652
-1.5388e-14,24.299,25.889
-5.3291e-15,14.418,52.404
-1.5987e-14,8.6561,82.88
-1.3611e-14,61.961,50.334
8.8818e-16,46.972,50.355
-4.885e-15,24.702,59.631
6.506e-15,19.945,76.778
-7.9936e-15,8.3191,80.454
-2.5158e-14,10.417,69.858
1.0947e-14,21.061,64.258
-2.5158e-14,11.818,69.664
-1.3767e-14,-8.2424,69.152
-1.6875e-14,-52.324,34.471
-4.9627e-15,-50.599,-4.5126
-1.3689e-14,-26,-2.159
3.0309e-15,4.8302,34.776
4.4409e-16,50.59,60.981
6.2172e-15,57.452,53.845
-1.3611e-14,34.051,34.426
1.7164e-14,19.535,22.429
1.3167e-14,22.426,38.102
-2.6934e-14,-2.9168,76.656
-2.5757e-14,-21.15,94.439
-9.9253e-15,-27.592,99.455
-4.4254e-14,-37.51,100.01
-2.1316e-14,-27.037,82.891
-1.2434e-14,-40.001,20.394
-1.5099e-14,-40.391,27.867
-1.5099e-14,-36.241,37.183
-1.3323e-14,-28.564,41.062
-7.8104e-15,-29.74,42.874
-1.5543e-14,-25.62,46.836
-4.9627e-15,-22.901,50.992
-1.5282e-14,-18.983,38.083
-1.1285e-14,-19.746,17.169
-4.2577e-15,-31.656,8.5186
-1.118e-14,-44.249,51.484
-1.8652e-14,-54.557,59.511
-2.0872e-14,-72.519,48.404
-2.3459e-14,-86.57,3.7809
-6.2172e-15,-82.56,-70.142
1.5465e-14,-46.933,-101.47
-4.3632e-15,-49.638,-64.41
-2.5757e-14,-85.215,34.093
-4.4775e-14,-89.9,103.16
-3.0198e-14,-83.583,56.123
-1.954e-14,-54.114,42.138
-1.0658e-14,-18.421,42.127
-2.9599e-14,-25.56,57.544
1.1835e-14,8.2231,43.784
-1.3323e-15,20.658,30.516
-2.5602e-14,-2.6163,53.121
4.7296e-15,-4.4894,65.334
2.2937e-14,46.576,37.221
1.894e-14,44.643,38.726
-1.1391e-14,49.212,45.922
3.5527e-15,47.256,62.68
7.8382e-15,34.095,80.995
-1.9385e-14,26.978,81.159
1.2279e-14,25.406,69.837
-7.5495e-15,10.305,69.049
-1.2434e-14,-17.906,76.677
-1.6798e-14,-37.454,13.033
-2.6645e-15,-26.793,-28.428
-3.5527e-15,-13.334,6.798
-1.9385e-14,21.587,42.34
5.7732e-15,72.275,62.915
-1.0503e-14,58.628,52.033
-4.4409e-16,23.07,37.6
-4.885e-15,6.5977,42.361
-8.4377e-15,3.6905,62.549
-6.3726e-15,-19.135,88.389
-2.1316e-14,-32.746,103.47
-1.9096e-14,-30.139,106.82
-3.8924e-14,-25.63,103.3
-3.3595e-14,-13.644,86.802
-7.8104e-15,-41.514,19.78
-1.0031e-14,-40.698,30.795
-1.0919e-14,-34.811,42.342
-9.5868e-15,-29.066,47.727
-9.5868e-15,-27.665,47.532
-1.5282e-14,-24.639,48.761
-1.5099e-14,-23.793,65.13
-9.5868e-15,-22.062,46.754
-4.7018e-15,-16.885,27.487
-4.2577e-15,-17.807,36.271
-1.8652e-14,-22.445,74.835
-6.2949e-15,-37.156,66.574
-2.0428e-14,-60.781,45.537
-8.5154e-15,-77.214,-0.81598
3.475e-15,-59.84,-76.183
-4.8073e-15,-47.316,-73.389
-2.5158e-14,-57.693,-19.602
-7.7049e-15,-88.998,32.558
-3.7148e-14,-61.111,63.719
2.8872e-16,-50.893,39.63
-1.5099e-14,-43.298,48.055
-2.9155e-14,-18.025,55.261
2.8872e-16,-40.52,62.919
8.7264e-15,3.1519,43.252
-8.8818e-16,14.186,30.179
-3.2263e-14,-24.497,54.923
-9.77e-15,-9.0056,48.238
8.8818e-16,28.868,33.085
-1.2279e-14,39.849,29.911
1.894e-14,54.448,37.364
-1.672e-14,61.092,49.218
-4.4409e-16,59.331,62.24
-1.9829e-14,47.511,69.652
-4.4409e-15,30.784,67.441
5.6178e-15,6.3797,61.351
-2.7822e-14,-10.826,50.552
-1.7764e-15,-17.43,-12.417
-1.2279e-14,-7.407,-32.769
-1.9385e-14,4.209,20.024
-2.6645e-15,31.564,52.495
1.894e-14,75.249,74.043
-1.8052e-14,46.837,64.8
9.1705e-15,6.4326,51.452
2.5092e-15,-11.298,62.57
-3.6704e-14,-13.112,85.491
-3.3151e-14,-25.772,97.142
-2.931e-14,-35.21,106.28
-2.3981e-14,-27.532,110.16
-2.1316e-14,-18.738,101.52
-3.848e-14,-19.442,91.316
-1.0658e-14,-30.922,24.079
-1.1102e-14,-27.305,34.705
-1.4211e-14,-25.425,43.1
-1.5987e-14,-26.152,48.146
-1.1363e-14,-24.189,51.996
-1.3767e-14,-20.744,51.105
-1.9723e-14,-20.205,70.402
-1.8835e-14,-20.542,67.976
-1.8391e-14,-21.305,47.061
-1.9279e-14,-19.568,49.293
-9.8476e-15,-19.105,93.743
-2.1316e-14,-27.037,82.891
-2.79e-14,-55.68,51.424
-8.5154e-15,-80.016,-0.42686
-2.2204e-15,-54.013,-75.344
-3.1086e-15,-53.887,-33.32
-3.7148e-14,-70.706,25.483
-1.8652e-14,-68.459,41.658
-2.2649e-14,-59.186,41.606
-1.5537e-16,-25.59,52.19
1.621e-15,1.5399,83.044
-4.5963e-15,-39.314,66.461
-2.3758e-15,-32.505,69.225
1.0947e-14,10.014,36.116
-2.4714e-14,-5.702,41.184
-1.7764e-14,-28.279,53.388
-7.9936e-15,-4.0766,42.607
-1.7608e-14,15.31,38.266
1.5388e-14,20.883,32.134
1.7764e-15,34.134,29.881
-1.0947e-14,44.194,35.491
6.6613e-15,52.433,43.414
3.1086e-15,49.579,53.702
-8.8818e-16,26.635,58.126
6.9501e-15,3.8259,48.104
-3.9968e-15,-0.63751,21.109
2.2493e-14,3.7165,-29.78
6.2172e-15,8.1732,-23.392
-4.4409e-15,16.935,39.689
-5.7732e-15,32.043,61.084
1.7764e-15,59.031,85.775
9.6146e-15,25.016,77.31
-1.7319e-14,-16.647,70.32
-2.2649e-14,-32.782,77.507
-5.9285e-15,-29.862,98.534
-2.0428e-14,-24.678,99.875
-3.7081e-15,-23.053,101.3
-1.9984e-14,-24.199,108.46
-1.9317e-15,-18.124,95.667
-3.9813e-14,-25.187,85.932
-4.2577e-15,-28.233,22.881
-1.0214e-14,-22.039,31.501
-6.9222e-15,-24.474,39.67
-1.5282e-14,-24.639,48.761
-1.1807e-14,-24.721,53.306
-1.3767e-14,-17.942,50.716
-1.6431e-14,-15.583,67.699
-1.1102e-14,-14.962,82.451
-1.5099e-14,-18.19,64.352
-1.6615e-14,-21.979,42.209
-1.0292e-14,-22.491,105.34
-3.4561e-14,-25.996,95.524
-3.1453e-14,-55.733,61.323
-2.5235e-14,-80.293,7.855
-1.7764e-15,-64.74,-65.198
-6.6613e-15,-59.543,-22.642
-4.5963e-15,-60.167,39.682
-2.3981e-14,-59.433,55.242
-1.199e-14,2.1842,82.542
3.664e-16,47.494,105.51
-1.0214e-14,28.019,93.792
-3.9369e-14,-48.415,78.03
-3.3595e-14,-28.947,69.143
6.506e-15,-3.657,40.488
-2.8266e-14,-26.766,54.002
-2.7822e-14,-23.38,42.403
-2.3381e-14,-7.5818,32.79
1.0947e-14,-0.46566,32.626
8.2823e-15,-12.009,31.756
-4.4409e-15,0.23137,22.225
-2.2204e-15,8.4411,24.794
0,20.853,26.78
1.7608e-14,27.692,34.897
-3.9968e-15,18.868,38.184
-1.7608e-14,11.16,28.95
3.5527e-15,16.419,5.1384
-6.9501e-15,21.229,-21.908
2.2937e-14,23.701,-4.1163
1.2723e-14,28.845,48.339
1.4944e-14,30.051,51.881
-4.885e-15,37.203,77.678
3.3973e-15,-6.1379,79.164
-3.2263e-14,-41.411,77.057
-2.7534e-14,-46.985,83.189
-4.1145e-14,-40.843,101.71
-6.8167e-15,-29.525,100.96
-2.1316e-14,-22.94,102.11
-2.4425e-14,-21.008,100.6
-1.4876e-15,-14.737,84.068
5.6178e-15,-6.2272,63.102
-4.7018e-15,-28.038,19.145
-4.2577e-15,-28.233,22.881
-5.1459e-15,-23.747,34.623
-1.8835e-14,-17.635,47.788
-1.0475e-14,-24.526,49.569
-1.9723e-14,-18.699,50.409
-1.4655e-14,-14.856,62.652
-1.6615e-14,-10.984,80.25
-8.2545e-15,-13.621,71.548
-1.8835e-14,-24.586,38.861
-3.8114e-14,-30.251,106.01
-1.2956e-14,-36.783,94.961
-3.5894e-14,-62.4,64.722
-3.1453e-14,-80.736,25.228
-1.813e-14,-66.021,-43.587
-6.6613e-15,-48.389,-14.299
-8.5154e-15,-52.159,25.38
-2.6645e-14,-50.018,61.353
-1.5987e-14,-2.6557,104.24
-8.9595e-15,27.973,124.3
1.1769e-15,10.761,92.892
-1.0814e-14,-48.161,85.001
-3.4039e-14,-35.134,81.131
-1.2879e-14,-16.931,57.994
-3.1819e-14,-29.568,54.391
-8.4377e-15,-16.436,30.722
9.1705e-15,-15.821,24.867
1.0947e-14,-10.218,24.088
-7.9936e-15,-16.578,24.56
-2.2493e-14,-12.068,21.048
9.6146e-15,-15.289,23.556
1.0503e-14,-11.424,20.546
1.2723e-14,-2.4876,18.069
-2.2204e-15,5.6923,15.284
-1.5388e-14,13.872,12.499
2.0717e-14,23.843,2.0465
2.3825e-14,28.24,-2.2737
5.3291e-15,28.584,20.76
-1.672e-14,24.672,54.277
1.3167e-14,12.568,49.363
-3.1375e-14,-1.1262,68.988
-2.0872e-14,-36.258,73.044
-3.7081e-15,-50.91,75.491
-4.5963e-15,-40.82,86.455
-2.4425e-14,-30.813,101.96
-1.0736e-14,-28.573,97.531
-1.1624e-14,-26.835,99.762
-8.0713e-15,-28.183,90.058
-1.4655e-14,-20.512,73.33
6.1396e-15,15.504,34.529
-1.4394e-14,-29.02,17.22
-1.3062e-14,-26.076,22.994
-4.7018e-15,-21.814,33.118
-1.6615e-14,-17.777,41.625
-8.6986e-15,-22.399,44.328
-1.8208e-14,-20.459,63.43
-1.3139e-14,-16.617,75.674
-7.7049e-15,-9.4713,80.864
-1.5543e-14,-8.9692,74.199
-8.2545e-15,-21.92,52.917
-3.9446e-14,-40.199,101.21
-2.79e-14,-51.689,90.437
-2.317e-14,-71.112,68.817
-1.9618e-14,-76.609,49.797
3.3973e-15,-51.941,6.39
-3.0487e-14,-34.87,31.634
1.621e-15,-22.115,56.653
-2.176e-14,-49.876,67.516
-1.2512e-14,-20.895,101.41
-1.9096e-14,-5.0309,123.11
-2.4425e-14,-35.015,102.55
-4.2033e-14,-46.004,85.114
-3.2263e-14,-35.808,76.279
-3.1375e-14,-6.7293,69.767
-2.9599e-14,-14.354,55.988
-2.871e-14,-23.043,44.83
-1.199e-14,-25.567,36.937
5.6178e-15,-24.279,35.933
-2.2049e-14,-13.664,24.979
-1.199e-14,-24.166,36.742
-3.0043e-14,-31.59,39.834
1.1769e-15,-37.949,40.305
-1.4655e-14,-37.784,31.215
-6.2172e-15,-21.454,20.291
1.2279e-14,-4.7572,17.147
-2.6645e-15,6.5084,26.299
1.1391e-14,10.546,34.806
-5.3291e-15,10.268,43.088
4.2855e-15,0.63459,55.967
2.8872e-16,-19.508,60.001
-3.2707e-14,-41.891,68.468
-2.3093e-14,-59.823,62.715
-5.9946e-16,-54.19,67.291
-8.5154e-15,-34.266,82.247
-2.9676e-14,-31.404,92.566
-3.1897e-14,-34.011,89.218
-2.8788e-14,-34.543,90.529
-1.7319e-14,-26.505,81.581
-2.1239e-14,-19.845,57.575
1.058e-14,25.078,10.943
-1.199e-14,-39.469,19.084
-1.0214e-14,-26.241,32.084
-1.4838e-14,-21.252,37.162
-1.0658e-14,-21.223,42.516
-8.6986e-15,-21.051,54.033
-1.1807e-14,-20.572,62.622
-1.6875e-14,-17.516,69.204
-1.4838e-14,-10.258,75.203
-1.3139e-14,-8.2126,74.507
-1.8835e-14,-19.141,67.781
-3.5449e-14,-46.565,81.07
-3.0564e-14,-60.378,79.279
-2.9754e-14,-70.55,72.861
-3.8114e-14,-80.415,63.515
-4.0257e-14,-56.272,42.026
-3.0487e-14,-39.178,52.017
-1.5099e-14,-15.388,63.962
-7.7049e-15,-40.183,65.345
-3.1375e-14,-11.037,90.149
-2.4791e-14,-4.7006,104.93
-3.848e-14,-34.85,93.457
1.1769e-15,-15.748,76.79
-1.3767e-14,-19.449,70.709
6.0619e-15,-1.493,61.208
6.0619e-15,-9.8448,52.476
-1.6875e-14,-37.021,52.129
-3.0487e-14,-39.125,42.117
-1.8208e-14,-44.167,46.939
-3.2707e-14,-36.129,37.992
-3.4484e-14,-49.463,44.79
-3.4928e-14,-48.594,45.905
-7.7049e-15,-54.085,47.492
-1.9984e-14,-58.849,44.032
-3.7081e-15,-52.099,36.088
1.621e-15,-40.893,34.532
3.3973e-15,-28.339,42.68
-2.9599e-14,-21.305,47.061
-1.3767e-14,-17.942,50.716
7.3281e-16,-21.778,59.08
-3.4484e-14,-38.362,63.032
-6.3726e-15,-58.198,64.138
-4.2921e-14,-70.722,61.344
-2.7089e-14,-67.359,64.998
-2.176e-14,-54.131,77.999
-2.2649e-14,-56.595,80.814
-2.6645e-14,-48.723,80.958
-2.3537e-14,-39.449,80.906
-1.5099e-14,-20.991,64.741
8.1049e-16,-3.4323,42.106
3.1086e-15,24.629,7.7076
-6.9222e-15,-40.45,17.159
-1.7503e-14,-34.144,26.587
-1.0658e-14,-27.447,28.542
-1.199e-14,-22.766,36.548
-1.0475e-14,-16.175,58.301
-1.2879e-14,-11.381,67.115
-1.2251e-14,-11.351,72.469
-1.0919e-14,-9.8083,78.438
-1.0919e-14,-7.0068,78.049
-1.7319e-14,-15.299,80.025
-2.9232e-14,-47.576,73.791
-2.4425e-14,-62.872,76.74
-3.6338e-14,-72.79,77.294
-2.3614e-14,-82.85,71.684
-2.6645e-14,-71.082,74.171
-3.4484e-14,-48.168,64.394
-1.5543e-14,-11.771,74.589
-1.4876e-15,-13.337,83.874
-3.264e-15,-12.663,88.726
-3.626e-14,-14.034,94.275
-2.3758e-15,-8.7973,85.716
-1.3323e-14,-7.7105,67.842
-3.0931e-14,-6.1974,68.456
-1.1102e-14,-10.654,62.068
7.3281e-16,-37.186,61.22
-3.6704e-14,-47.92,50.758
-2.2204e-14,-50.302,49.028
-1.5537e-16,-47.95,45.404
-3.8036e-14,-57.867,45.957
-2.3093e-14,-58.317,42.722
-7.2608e-15,-57.755,46.766
-2.2204e-14,-55.905,49.806
-8.5931e-15,-57.95,50.502
-2.4869e-14,-60.444,47.964
-3.8036e-14,-57.867,45.957
-3.5372e-14,-50.526,47.41
-1.6875e-14,-44.025,53.102
-4.5963e-15,-43.463,57.146
-2.8199e-15,-49.793,62.971
-2.8199e-15,-59.598,64.333
-3.9813e-14,-65.651,61.876
-7.7049e-15,-77.95,60.699
-7.7049e-15,-80.752,61.088
-4.7806e-14,-79.321,66.248
-4.7806e-14,-76.52,65.859
-2.79e-14,-52.984,70.833
-2.4791e-14,-32.505,69.225
-4.9627e-15,-7.4925,48.852
8.8041e-15,20.149,16.573
-3.9191e-15,21.573,1.1253
-9.4175e-15,-22.719,6.0408
-1.1194e-14,-30.45,12.061
-8.8818e-15,-31.596,19.227
-6.9222e-15,-28.623,30.354
-5.59e-15,-17.328,44.86
-1.1102e-14,-9.2533,61.874
-1.3139e-14,-11.014,74.896
-2.5602e-14,-12.58,84.181
-1.9096e-14,-10.423,84.293
-8.5931e-15,-11.936,83.679
-1.954e-14,-34.715,79.012
-3.5894e-14,-61.052,74.427
-1.5621e-14,-58.026,75.655
-1.118e-14,-51.359,72.256
-2.3093e-14,-44.467,70.474
-1.9096e-14,-32.729,67.608
-9.4036e-15,-15.719,82.144
-1.4655e-14,-5.2095,90.988
-2.0795e-14,-1.2616,83.433
3.3973e-15,-3.3363,78.775
-1.5543e-14,-0.56457,73.032
-1.0658e-14,3.8326,68.712
-2.7378e-14,3.608,67.094
-1.5537e-16,-22.841,61.7
-2.0872e-14,-50.16,55.191
-3.7081e-15,-52.152,45.987
-1.954e-14,-49.965,51.454
-2.3758e-15,-47.808,51.567
-5.0404e-15,-62.152,51.086
-1.7319e-14,-64.115,47.237
-8.5931e-15,-60.751,50.891
-3.4039e-14,-55.987,54.351
-2.3537e-14,-56.1,53.543
-1.9317e-15,-52.879,51.034
-2.3758e-15,-57.613,52.928
-1.8652e-14,-61.508,50.584
-1.9096e-14,-66.242,52.478
-2.931e-14,-79.718,53.114
-5.1359e-14,-96.025,48.784
-4.9583e-14,-93.897,43.542
-1.259e-14,-90.647,46.388
-1.5698e-14,-90.168,54.977
-2.3537e-14,-78.512,56.656
-3.4561e-14,-62.205,60.985
-1.7319e-14,-43.209,64.117
-9.4036e-15,-28.22,64.096
-7.9936e-15,-11.08,43.58
-8.8818e-16,6.5612,16.4
3.1086e-15,13.813,1.791
1.1913e-14,15.184,-3.7576
-2.2204e-15,-12.412,-1.9855
-5.3291e-15,-23.813,3.3075
-1.1194e-14,-31.851,12.255
-1.617e-14,-32.548,22.656
-1.5282e-14,-27.335,29.351
-1.3323e-14,-16.009,49.211
-7.3663e-15,-8.3547,68.344
-2.4714e-14,-7.314,80.976
-1.0369e-14,-7.0596,87.948
-9.77e-15,-6.4153,87.446
-2.79e-14,-22.273,86.351
-2.3537e-14,-53.457,82.852
-3.012e-14,-54.296,87.09
-2.2204e-14,-43.509,87.652
-8.5154e-15,-34.266,82.247
-2.9232e-14,-32.221,81.551
-2.5679e-14,-25.27,90.477
-1.2879e-14,-12.887,87.109
-1.9018e-14,2.2667,77.997
-2.5158e-14,3.4131,70.831
6.0619e-15,-2.9465,71.302
-2.035e-14,-2.0777,72.418
-3.1375e-14,-3.9278,69.378
-3.3151e-14,-31.163,58.322
-3.2707e-14,-48.789,49.642
-4.1522e-15,-58.287,48.076
-4.5963e-15,-56.017,48.997
-5.4844e-15,-58.482,51.813
-2.4425e-14,-58.512,46.459
-3.5372e-14,-60.332,48.772
-4.0701e-14,-58.257,53.43
-2.0428e-14,-53.83,54.464
-2.3758e-15,-54.811,52.539
-1.9984e-14,-54.699,53.348
-1.9984e-14,-58.901,53.932
-1.8652e-14,-64.309,50.973
-3.5372e-14,-65.935,49.551
-4.0257e-14,-68.879,43.777
-1.0369e-14,-73.979,37.891
-3.848e-14,-75.156,39.703
-3.264e-15,-75.433,47.985
-2.3537e-14,-63.104,54.515
-2.2204e-14,-50.302,49.028
-2.79e-14,-44.474,49.867
-1.6875e-14,-30.017,51.156
-1.0658e-14,-18.421,42.127
-2.6645e-15,0.95816,17.178
2.2204e-15,9.2735,-0.051545
1.7764e-15,2.6594,-6.5519
-9.2482e-15,-6.0524,-2.4567
-2.2204e-15,-12.749,-4.4117
-4.4409e-15,-15.408,2.1402
-4.885e-15,-21.88,1.8026
-8.9734e-15,-29.191,5.7032
-1.5726e-14,-36.892,17.077
-1.2434e-14,-28.174,33.589
-1.199e-14,-13.066,54.984
-1.7059e-14,-8.6619,71.272
-7.7049e-15,-8.0705,80.669
-9.4812e-15,-4.595,85.133
-2.0872e-14,-13.951,89.729
-3.2785e-14,-33.674,91.645
-2.7978e-14,-50.371,94.788
-3.3673e-14,-58.551,97.573
-2.9676e-14,-53.817,95.679
-3.2785e-14,-44.88,93.201
-2.3981e-14,-27.427,90.365
-2.3015e-14,-9.4713,80.864
-2.1239e-14,-3.1414,75.039
-4.5186e-15,-4.3176,76.851
-2.5235e-14,-6.4749,76.738
-5.8508e-15,-14.265,72.05
-1.5987e-14,-20.654,67.167
-1.4876e-15,-35.59,57.289
-2.2204e-14,-53.103,49.417
-3.8924e-14,-56.13,48.189
2.8872e-16,-48.819,44.288
-3.0931e-14,-41.058,43.622
-1.3767e-14,-41.702,44.124
-1.4655e-14,-42.766,46.745
1.1769e-15,-42.204,50.788
-1.2879e-14,-37.89,51.013
-1.5543e-14,-38.227,48.587
-1.5099e-14,-36.294,47.082
3.3973e-15,-32.541,43.264
-5.9946e-16,-38.676,45.352
-2.5235e-14,-51.141,53.266
-3.2785e-14,-60.077,55.744
-2.4869e-14,-60.444,47.964
-8.5154e-15,-56.467,45.762
-8.9595e-15,-52.796,46.489
-1.5543e-14,-38.227,48.587
-1.4655e-14,-38.564,46.161
-2.5235e-14,-37.08,41.421
-7.5495e-15,-16.773,28.296
-1.1025e-14,-5.0942,14.721
7.0277e-15,-6.3596,0.47116
8.6931e-15,1.1761,-1.812
4.885e-15,19.079,-1.4135
1.2357e-14,24.404,6.0902
-2.2204e-15,-10.674,0.24611
-4.0884e-15,-11.655,-1.6784
-2.6645e-15,-14.682,-2.9068
-5.3291e-15,-21.011,2.9184
-9.8616e-15,-30.255,8.324
-1.4394e-14,-29.02,17.22
-1.395e-14,-18.788,34.346
-1.1546e-14,-13.935,53.869
-1.7764e-14,-11.576,70.852
-1.4211e-14,-8.8271,80.362
-1.2879e-14,-8.685,86.525
-2.5158e-14,-16.303,93.353
-1.2956e-14,-33.981,94.572
-2.3981e-14,-52.641,93.867
-2.1394e-14,-60.738,92.106
-2.3093e-14,-54.378,91.635
-1.4289e-14,-32.723,88.215
-2.5235e-14,-14.879,77.906
-1.0736e-14,-11.658,75.397
-2.2127e-14,-14.011,79.021
-6.739e-15,-16.73,74.865
-1.6431e-14,-23.988,68.866
-1.1624e-14,-37.83,61.721
-1.8652e-14,-47.553,58.538
-1.954e-14,-52.766,51.843
-3.2707e-14,-48.789,49.642
-1.9317e-15,-41.673,49.478
-1.5987e-14,-31.755,48.925
-1.5543e-14,-28.421,47.225
-3.2263e-14,-25.845,45.219
-2.0795e-14,-24.863,47.143
-4.0745e-15,-23.238,48.566
-5.4068e-15,-27.635,52.886
-2.8344e-14,-35.253,59.715
-2.6124e-14,-39.651,64.035
-9.4036e-15,-46.43,66.625
-2.7089e-14,-57.606,73.536
-3.2785e-14,-62.985,75.932
-1.9618e-14,-59.906,67.261
-2.6568e-14,-51.336,57.003
-1.8208e-14,-32.961,45.383
-1.7242e-14,-13.604,35.687
-1.5465e-14,-15.679,31.029
-5.3291e-15,-8.5102,20.966
7.4718e-15,-0.08257,4.5453
1.7764e-15,6.135,-2.0886
9.6923e-15,2.2399,-4.4328
3.9968e-15,14.877,-0.82979
7.5495e-15,34.097,3.9195
5.2177e-16,34.18,-0.62579
-2.5729e-15,-12.884,10.033
-3.1086e-15,-10.337,2.6723
-2.2204e-15,-8.7416,-1.2588
-7.9658e-16,-11.094,2.3652
-4.4409e-15,-16.135,7.1871
-6.2172e-15,-21.401,10.392
-1.2174e-14,-23.948,17.752
-3.8136e-15,-18.676,35.155
-6.034e-15,-12.309,55.291
-1.0919e-14,-11.156,68.733
-1.4916e-14,-7.5386,79.359
-9.0372e-15,-4.1159,93.722
-1.3034e-14,-11.652,96.005
-1.8285e-14,-36.056,89.915
-2.8422e-14,-56.453,86.977
-2.7534e-14,-55.389,84.357
-1.6509e-14,-40.932,85.646
-2.0428e-14,-32.977,81.244
-1.4733e-14,-34.603,79.821
-2.3537e-14,-36.648,80.517
-2.3537e-14,-36.648,80.517
-2.6568e-14,-45.838,76.023
-2.6645e-14,-58.475,72.42
-3.7226e-14,-62.595,68.458
-1.7841e-14,-57.778,62.019
-3.3229e-14,-57.861,66.564
-3.1009e-14,-53.853,69.717
-2.5313e-14,-45.673,66.932
-2.3459e-14,-29.455,55.2
-2.2571e-14,-26.991,52.385
-2.0428e-14,-39.875,62.418
-2.7456e-14,-42.647,68.161
-1.2068e-14,-44.018,73.709
-3.4561e-14,-52.505,79.422
-3.0642e-14,-61.861,84.019
-2.3537e-14,-66.064,84.603
-3.2863e-14,-64.468,80.671
-3.3229e-14,-60.715,76.853
-2.8788e-14,-54.048,73.454
-1.9984e-14,-47.801,72.174
-1.9018e-14,-15.785,50.828
9.2482e-15,18.943,13.031
1.4577e-14,22.188,-4.7304
8.4377e-15,29.611,-7.8224
1.2434e-14,40.001,-20.394
1.3767e-14,38.795,-23.936
1.5099e-14,50.143,-19.33
2.2571e-14,58.945,-7.3628
1.0658e-14,42.023,-5.8368
-1.2546e-15,10.525,-27.016
-4.885e-15,-9.3791,19.85
-3.9968e-15,-5.8508,14.414
-3.6443e-15,-6.7792,2.5903
-6.6613e-16,-3.6704,-0.7267
-4.0884e-15,-7.8429,5.211
-3.017e-15,-19.356,9.6954
-9.3259e-15,-24.398,14.517
-3.8136e-15,-24.226,26.034
-1.6615e-14,-17.777,41.625
-1.199e-14,-13.066,54.984
-1.7059e-14,-5.8604,70.882
-1.5987e-14,-1.1493,84.242
-7.2608e-15,-3.3892,88.675
-2.2493e-14,-22.917,86.853
-1.4733e-14,-47.209,81.572
-2.8866e-14,-56.932,78.388
-3.767e-14,-57.576,78.89
-1.9174e-14,-60.827,76.044
-1.9174e-14,-60.827,76.044
-2.2649e-14,-50.992,80.036
-2.7534e-14,-46.985,83.189
-3.4561e-14,-58.108,80.2
-2.4869e-14,-60.603,77.662
-2.4869e-14,-59.202,77.467
-3.2341e-14,-56.85,73.843
-1.6953e-14,-59.621,79.586
-2.5757e-14,-56.063,79.504
-1.34e-14,-41.359,67.157
-1.4655e-14,-27.41,54.504
-1.2068e-14,-38.362,63.032
-2.4869e-14,-60.603,77.662
-3.767e-14,-67.382,80.252
-2.4869e-14,-66.206,78.44
-2.7978e-14,-61.471,76.546
-1.6953e-14,-55.419,79.002
-1.3844e-14,-54.55,80.118
-2.4425e-14,-53.067,75.378
-1.4733e-14,-54.16,72.645
-1.8285e-14,-55.561,72.84
-2.3981e-14,-45.478,63.196
-6.2172e-15,-8.1732,23.392
1.7242e-14,31.035,-23.27
3.1863e-15,35.402,-32.945
6.739e-15,48.683,-29.843
2.8788e-14,64.99,-25.514
1.6354e-14,52.952,0.88858
2.1683e-14,64.885,-5.7149
1.6065e-14,82.107,-30.776
2.3015e-14,42.878,-45.936
-8.1049e-16,-13.271,-59.57
-1.6848e-15,-8.7349,19.349
-3.5249e-16,-4.6747,12.602
-2.1288e-15,-11.484,9.8384
-4.0884e-15,-7.8429,5.211
-7.9658e-16,-9.693,2.1707
-3.5527e-15,-11.596,9.0296
-8.5293e-15,-15.768,14.967
-7.9936e-15,-22.855,20.485
-1.0658e-14,-22.571,32.811
-6.9222e-15,-14.721,48.207
-6.4781e-15,-4.4894,65.334
-6.9222e-15,-5.0741,76.544
-1.8208e-14,-5.1567,81.089
-2.871e-14,-16.25,83.454
-1.7136e-14,-31.157,78.93
-2.0872e-14,-44.662,74.211
-3.4117e-14,-58.924,69.185
-3.6338e-14,-71.336,67.2
-2.8422e-14,-67.554,68.735
-1.7397e-14,-60.1,70.997
-2.3981e-14,-58.138,74.846
-2.7089e-14,-63.209,74.314
-3.1897e-14,-60.52,73.116
-2.6201e-14,-66.348,72.277
-2.7534e-14,-65.142,75.819
-2.3537e-14,-61.808,74.12
-3.4117e-14,-50.52,68.018
-4.9627e-15,-28.504,51.771
-2.2571e-14,-31.193,52.968
-2.2649e-14,-50.939,70.137
-2.0872e-14,-57.269,75.962
-1.8285e-14,-59.764,73.423
-2.5313e-14,-65.284,69.656
-1.6065e-14,-66.909,68.233
-1.6509e-14,-68.842,69.738
-2.9676e-14,-69.067,68.121
-2.5313e-14,-62.43,59.368
-1.118e-14,-51.253,52.457
-2.5235e-14,-34.332,50.931
-1.4133e-14,-2.2034,30.394
1.9906e-14,38.997,-7.0652
1.9096e-14,71.687,-23.559
1.6065e-14,83.455,-21.071
3.5449e-14,92.474,-28.094
3.6304e-15,56.113,-12.328
-5.7732e-15,-2.0911,31.203
2.1816e-15,-5.9103,3.7061
4.4409e-16,-24.471,-37.406
-6.1396e-15,-39.212,-51.021
-1.2801e-14,-49.992,-30.976
-6.3089e-15,-21.798,-2.7427
-2.5729e-15,-15.686,10.422
-6.6613e-15,-17.057,15.971
-2.5729e-15,-18.824,8.385
-2.1288e-15,-20.704,-0.0094343
-6.3089e-15,-13.109,8.4155
-9.5091e-15,-11.678,13.575
-1.1491e-15,-15.431,17.394
-7.1054e-15,-16.915,22.133
-7.5495e-15,-10.496,32.37
-7.5495e-15,-2.1967,51.002
-1.617e-14,-7.5982,68.651
-1.0919e-14,-7.0068,78.049
-4.5963e-15,-5.8009,81.591
-1.0919e-14,-12.61,78.827
-1.4916e-14,-24.295,71.794
-1.536e-14,-35.98,64.762
-7.6272e-15,-47.104,61.773
-1.4733e-14,-51.306,62.357
-3.2341e-14,-51.194,63.165
-1.7841e-14,-57.778,62.019
-3.3673e-14,-66.744,59.143
-1.3844e-14,-60.048,61.098
-1.7841e-14,-66.183,63.186
-3.5894e-14,-68.003,65.5
-3.1897e-14,-61.868,63.411
-2.1316e-14,-45.089,55.723
-1.3323e-14,-34.219,51.74
-2.7456e-14,-42.594,58.261
-1.34e-14,-56.767,69.298
-1.4289e-14,-55.029,71.529
-1.9096e-14,-49.539,69.942
-1.9096e-14,-49.539,69.942
-3.2785e-14,-48.977,73.986
-2.3459e-14,-35.111,65.878
-1.9462e-14,-13.515,51.749
-1.6798e-14,3.6838,41.942
8.36e-15,32.172,26.032
4.5186e-15,62.622,13.971
2.5235e-14,81.641,1.8498
1.1624e-14,86.54,-9.1349
1.118e-14,84.66,-17.529
2.3537e-14,92.361,-28.903
2.931e-14,96.422,-35.65
6.739e-15,52.885,-30.427
-1.5726e-14,-61.326,5.6328
-1.2434e-14,-71.955,-24.628
-8.5154e-15,-96.719,-17.891
-2.2726e-14,-121.99,-4.4894
-2.6201e-14,-123.36,1.0592
-1.617e-14,-63.154,-12.661
-9.4175e-15,-33.146,-7.349
-2.5729e-15,-19.161,5.9588
-9.4175e-15,-22.435,18.366
-8.4377e-15,-25.462,17.138
-3.4611e-15,-28.914,-2.5786
-2.1288e-15,-25.244,-1.852
-6.2172e-15,-14.45,19.318
-5.3291e-15,-7.8362,25.818
-9.065e-15,-5.9333,18.959
-3.9968e-15,-8.3153,17.229
-5.2375e-15,-3.9114,33.517
-1.5282e-14,-6.4816,56.131
-1.7947e-14,-6.8714,63.604
-1.2251e-14,-8.5496,72.08
-1.8652e-14,-15.441,73.862
-1.8835e-14,-17.741,67.587
-1.6615e-14,-19.283,61.618
-1.7947e-14,-23.628,56.039
-1.6431e-14,-23.935,58.967
-1.3323e-14,-30.07,61.056
-2.1499e-14,-32.085,67.106
-2.0428e-14,-42.677,62.807
-1.9984e-14,-47.748,62.275
-1.6509e-14,-47.831,66.82
-1.3844e-14,-43.291,68.662
-2.4347e-14,-33.374,68.109
-2.0428e-14,-39.928,72.317
-2.8788e-14,-42.842,71.897
-3.4117e-14,-47.718,67.629
-1.9096e-14,-46.737,69.553
-3.0564e-14,-42.115,66.85
-2.6124e-14,-32.647,63.062
-4.9627e-15,-21.5,50.798
-6.5837e-15,21.468,20.924
3.1863e-15,52.727,-0.72888
5.4068e-15,59.589,-7.8645
1.0736e-14,74.323,-14.857
3.1009e-14,92.758,-15.769
2.1316e-14,96.653,-13.425
1.8285e-14,91.664,-18.502
1.6509e-14,91.043,-33.254
2.5757e-14,76.916,-52.724
9.8476e-15,45.561,-67.741
1.813e-14,0.81899,-66.061
-1.0736e-14,-102.13,-20.849
-3.2785e-14,-115.69,-15.669
-4.5186e-15,-89.183,-20.174
-1.9984e-14,-104.81,0.95612
-2.1838e-14,-112.62,11.521
